word,meanings,score
y,"第2未知数,だいにみちすう_統一,とういつ_統合,とうごう",0
Y,"第2未知数,だいにみちすう_統一,とういつ_統合,とうごう",0
y-axis,"Y軸,わいじく",0
Y-branch,"Y字型の管,わいじけいのかん",0
Y-cable,"Yケーブル,わいけーぶる",0
Y-chromosome,"Y染色体,わいせんしょくたい",0
Y-connection,"Y結線,わいけっせん",0
y-coordinate,"Y座標,わいざひょう",0
y-intercept,"y切片,わいせっぺん",0
Y-intersection,"Y字路,わいじろ",0
Y-junction,"Y字路,わいじろ",0
Y-linkage,"Y連鎖,わいれんさ",0
Y-people,"ヤッピー,やっぴー_若い都会派プロフェッショナル,わかいとかいはぷろふぇっしょなる",0
Y-person,"ヤッピー,やっぴー_若い都会派プロフェッショナル,わかいとかいはぷろふぇっしょなる",0
y-punch,"Y穿孔,わいせんこう",0
Y2K,"西暦2000年,せいれきにせんねん",0
Y2K1,"2000年,にせんねん",0
Ya,"ヤー,やー",0
Yaan,"ヤーアン,やーあん",0
yabber,"おしゃべり,おしゃべり",0
yabbie,"ザリガニ,ざりがに",0
yabby,"ザリガニ,ざりがに",0
Yablonitskii Pereval,"ヤブロニカ峠,やぶろにかとうげ",0
Yablonovyi Khrebet,"ヤブロノイ山脈,やぶろのいさんみゃく_ヤブロノボ山脈,やぶろのぼさんみゃく",0
Yacatecutli,"ヤカテクトリ,やかてくとり",0
"Yachiyo Industry Co., Ltd.","八千代工業,やちよこうぎょう",0
"Yachiyo Musen Denki Co., Ltd.","八千代ムセン電機,やちよむせんでんき",0
yacht,"ヨット,よっと_クルーザー,くるーざー",0
Yacht Aid Kyushu,"ヨットエイド九州,よっとえいどきゅうしゅう",0
Yacht Safety Bureau,"帆船安全局,はんせんあんぜんきょく",0
yachtie,"ヨット乗り,よっとのり",0
yachting,"ヨット操縦,よっとそうじゅう_ヨット遊び,よっとあそび",0
Yachting,"ヨッティング,よってぃんぐ",0
yachtsman,"ヨット操縦者,よっとそうじゅうしゃ",0
yachtsmanship,"ヨット操縦法,よっとそうじゅうほう",0
yack-e-ty-yack,"くだらないおしゃべり,くだらないおしゃべり_無駄話,むだばなし_ガヤガヤ,がやがや_ペチャクチャ,ぺちゃくちゃ",0
yack-e-ty-yak,"くだらないおしゃべり,くだらないおしゃべり_無駄話,むだばなし_ガヤガヤ,がやがや_ペチャクチャ,ぺちゃくちゃ",0
yacker,"おしゃべり,おしゃべり",0
yackety-yak,"くだらないおしゃべり,くだらないおしゃべり_無駄話,むだばなし_ガヤガヤ,がやがや_ペチャクチャ,ぺちゃくちゃ",0
yacon,"ヤーコン,やーこん",0
Yacuiba,"ヤクイバ,やくいば",0
yad,"ヤド,やど",0
Yadava,"ヤーダヴァ朝,やーだゔぁあさ",0
Yadkin,"ヤドキン川,やどきんかわ",0
Yadong,"ヤトン,やとん",0
Yadrin,"ヤドリン,やどりん",0
"Yaesu Musen Co., Ltd.","八重洲無線株式会社,やえすむせんかぶしきがいしゃ",0
"Yagami, Inc.","株式会社ヤガミ,かぶしきがいしゃやがみ",0
Yage Letters,"麻薬書簡,まやくしょかん",0
"Yagi & Co., Ltd.","株式会社ヤギ,かぶしきがいしゃやぎ",0
"Yagi Antenna Co., Ltd.","八木アンテナ,やぎあんてな",0
Yagi Corporation,"株式会社ヤギコーポレーション,かぶしきがいしゃやぎこーぽれーしょん",0
Yagua,"ヤグア族,やぐあぞく",0
Yaha.F,"ヤハF,やはえふ",0
"Yahagi Construction Co., Ltd.","矢作建設工業株式会社,やはぎけんせつこうぎょうかぶしきがいしゃ",0
Yahgan,"ヤーガン族,やーがんぞく",0
yahoo,"ヤフー,やふー_けだもののような粗野な人間,けだもののようなそやなにんげん_野蛮な人間,やばんなにんげん_田舎者,いなかもの",0
Yahoo! Buzz Index,"ヤフー・バズ指数,やふー・ばずしすう",0
yahrzeit,"年忌,ねんき_命日,めいにち",0
yahud,"ヤフード,やふーど_ユダヤ人,ゆだやにん_ユダヤ教徒,ゆだやきょうと",0
Yahweh,"ヤハウェ,やはうぇ",0
Yaiva,"ヤイワ川,やいわかわ",0
"Yaizu Suisankagaku Industry Co., Ltd.","焼津水産化学工業株式会社,やいづすいさんかがくこうぎょうかぶしきがいしゃ",0
Yajurveda,"ヤジュールベーダ,やじゅーるべーだ_ヤジュールヴェーダ,やじゅーるゔぇーだ",0
yak,"ヤク,やく_長いおしゃべり,ながいおしゃべり_ばか,ばか_あほ,あほ",0
Yaka,"ヤカ族,やかぞく",0
Yakan,"ヤカン族,やかんぞく",0
Yakeshi Shi,"牙克石市,きばかついしし",0
yakety-yak,"おしゃべり,おしゃべり_無駄話,むだばなし",0
Yakhroma,"ヤフロマ,やふろま_ヤフロマ川,やふろまかわ",0
Yakima,"ヤキマ,やきま",0
yakitori,"焼き鳥,やきとり",0
yakka,"仕事,しごと",0
Yakoba,"ヤコバ,やこば",0
Yakshagana,"ヤクシャガーナ,やくしゃがーな",0
Yakuji Nippo Limited,"株式会社薬事日報社,かぶしきがいしゃやくじにっぽうしゃ",0
"Yakult Honsha Co., Ltd.","株式会社ヤクルト本社,かぶしきがいしゃやくるとほんしゃ",0
Yakushima Island,"屋久島,やくしま",0
Yakut Republic,"ヤクート共和国,やくーときょうわこく",0
Yakutat Bay,"ヤクタット湾,やくたっとわん",0
Yakutian,"ヤクート人,やくーとにん",0
Yakutsk,"ヤクーツク,やくーつく",0
Yakutskaya,"ヤクート,やくーと",0
Yakuza,"ザ・ヤクザ,ざ・やくざ",0
Yale,"エール,えーる_エール大学,えーるだいがく",0
Yaleman,"イェール大学卒業生,いぇーるだいがくそつぎょうなま_エール大学出,えーるだいがくで",0
Yalie,"イェール大学卒業生,いぇーるだいがくそつぎょうなま_エール大学出,えーるだいがくで",0
Yalinga,"ヤリンガ,やりんが",0
Yallourn,"ヤルーン,やるーん",0
Yalova,"ヤロヴァ,やろゔぁ",0
Yalta,"ヤルタ,やるた",0
Yalu River,"鴨緑江,かもみどりこう_ヤールー川,やーるーかわ",0
Yalutorovsk,"ヤルトロフスク,やるとろふすく",0
yam,"ヤム,やむ_サツマイモ,さつまいも_オカ,おか_家,いえ_駅,えき",0
Yamada Corporation,"ヤマダコーポレーション,やまだこーぽれーしょん",0
"Yamada Denki Co., Ltd.","ヤマダ電機,やまだでんき",0
"YAMADA SXL HOME Co., Ltd.","株式会社ヤマダ・エスバイエルホーム,かぶしきがいしゃやまだ・えすばいえるほーむ",0
"Yamae Hisano Co., Ltd.","ヤマエ久野,やまえくの",0
"Yamagata Bank, Ltd.","山形銀行,やまがたぎんこう",0
Yamagata Electrical Business Union,"山形県電機商業組合,やまがたけんでんきしょうぎょうくみあい",0
Yamagata Symphony Orchestra,"山形交響楽団,やまがたこうきょうがくだん",0
"Yamaguchi Bank, Ltd.","山口銀行,やまぐちぎんこう",0
Yamaguchi Finance Service Association,"社団法人山口県貸金業協会,しゃだんほうじんやまぐちけんたいきんぎょうきょうかい",0
Yamaguchi International Exchange Association,"財団法人山口県国際交流協会,ざいだんほうじんやまぐちけんこくさいこうりゅうきょうかい",0
Yamaguchi Prefectural Industrial Technology Institute,"山口県産業技術センター,やまぐちけんさんぎょうぎじゅつせんたー",0
YAMAHA CORPORATION,"ヤマハ,やまは",0
YAMAHA LIVINGTEC CORPORATION,"ヤマハリビングテック株式会社,やまはりびんぐてっくかぶしきがいしゃ",0
"YAMAHA MOTOR CO., LTD.","ヤマハ発動機,やまははつどうき",0
"YAMAHA MUSIC COMMUNICATIONS CO., LTD.","株式会社ヤマハミュージックコミュニケーションズ,かぶしきがいしゃやまはみゅーじっくこみゅにけーしょんず",0
YAMAHA MUSIC FOUNDATION,"財団法人ヤマハ音楽振興会,ざいだんほうじんやまはおんがくしんこうかい",0
YAMAHA MUSIC MEDIA CORPORATION.,"株式会社ヤマハミュージックメディア,かぶしきがいしゃやまはみゅーじっくめでぃあ",0
"Yamaichi Electronics Co., Ltd.","山一電機,やまいちでんき",0
"Yamaichi Research Institute of Securities & Economics, Inc.","山一証券経済研究所,やまいちしょうけんけいざいけんきゅうしょ",0
"Yamaichi Securities Company, Limited","山一證券,やまいちしょうけん",0
"Yamakawa Industrial Co., Ltd.","山川工業,やまかわこうぎょう",0
"Yamaki Co., Ltd.","山喜,やまき",0
Yamalo-Nenetskii,"ヤマロネネツ,やまろねねつ",0
"Yamamoto Chemicals, Inc.","山本化成,やまもとかせい",0
"Yamamura Glass Co., Ltd.","山村硝子,やまむらがらす",0
Yamamura Scholarship Foundation,"財団法人山村育英会,ざいだんほうじんさんそんいくえいかい",0
"Yamanaka Co., Ltd.","ヤマナカ,やまなか",0
"Yamanashi Chuo Bank, Ltd.","山梨中央銀行,やまなしちゅうおうぎんこう",0
Yamanashi International Association,"財団法人山梨県国際交流協会,ざいだんほうじんやまなしけんこくさいこうりゅうきょうかい",0
Yamanashi Prefectural Industrial Technology Center,"山梨県工業技術センター,やまなしけんこうぎょうぎじゅつせんたー",0
"Yamanouchi Pharmaceutical Co., Ltd.","山之内製薬,やまのうちせいやく",0
Yamantau,"ヤマンタウ山,やまんたうやま",0
Yamaoka Scholarship Foundation,"財団法人山岡育英会,ざいだんほうじんやまおかいくえいかい",0
YAMASA CORPORATION,"ヤマサ醤油株式会社,やまさしょうゆかぶしきがいしゃ",0
Yamasee,"ヤマシー族,やましーぞく",0
Yamashina Institute for Ornithology,"財団法人山階鳥類研究所,ざいだんほうじんやまかいちょうるいけんきゅうしょ",0
Yamashina Seiko-sho. Ltd.,"山科精工所,やましなせいこうしょ",0
"Yamatake-Honeywell Co., Ltd.","山武ハネウェル,やまたけはねうぇる",0
Yamatane Corporation,"株式会社ヤヤマタネ,かぶしきがいしゃややまたね",0
Yamato International Association,"財団法人大和市国際化協会,ざいだんほうじんやまとしこくさいかきょうかい",0
"Yamato International, Inc.","ヤマトインターナショナル,やまといんたーなしょなる",0
"Yamato Kogyo Co., Ltd.","大和工業株式会社,やまとこうぎょうかぶしきがいしゃ",0
"Yamato Transport Co., Ltd.","ヤマト運輸株式会社,やまとうんゆかぶしきがいしゃ",0
Yamato Welfare Foundation,"財団法人ヤマト福祉財団,ざいだんほうじんやまとふくしざいだん",0
Yamaura Corp.,"株式会社ヤマウラ,かぶしきがいしゃやまうら",0
"Yamazaki Baking Co., Ltd.","山崎製パン株式会社,やまざきせいぱんかぶしきがいしゃ",0
"YAMAZAKI-BISCUITS Co., Ltd.","ヤマザキビスケット株式会社,やまざきびすけっとかぶしきがいしゃ",0
Yamazen Corporation,"山善,やまぜん",0
Yambio,"ヤンビオ,やんびお",0
Yambol,"ヤンボル,やんぼる",0
Yambuku,"ヤンブク,やんぶく",0
Yamchi,"ヤームチー,やーむちー",0
Yamel,"ヤメル族,やめるぞく",0
Yamethin,"ヤメティーン,やめてぃーん",0
Yami,"ヤミー,やみー_ヤミ族,やみぞく",0
Yamkino,"ヤムキノ,やむきの",0
yammer,"不平,ふへい",0
Yamoussoukro,"ヤムスクロ,やむすくろ",0
Yampa,"ヤンパ川,やんぱかわ",0
yampee,"クシュクシュ,くしゅくしゅ",0
Yamsk,"ヤムスク,やむすく",0
Yamuha,"ヤムナ川,やむなかわ",0
Yamuna River,"ヤムナー川,やむなーかわ",0
Yana,"ヤナ族,やなぞく_ヤナ語,やなご_ヤナ川,やなかわ",0
Yanac,"ヤナク,やなく",0
Yanam,"ヤナン,やなん_ヤナオン,やなおん",0
Yanan,"延安,えんあん_イエンアン,いえんあん_えんあん,えんあん",0
Yanaon,"ヤナン,やなん_ヤナオン,やなおん",0
"Yanase & Co., Ltd.","ヤナセ,やなせ",0
Yanaul,"ヤナウル,やなうる",0
Yanbei,"イエンペイ,いえんぺい",0
Yanbian Korean Autonomous Prefecture,"延辺朝鮮族自治州,えんへんちょうせんぞくじちしゅう",0
Yanbu,"ヤンブー,やんぶー",0
Yanbye,"ヤンビエ島,やんびえしま",0
Yanchang,"延長県,えんちょうけん",0
Yancheng,"イエンチョン,いえんちょん",0
Yanchi,"イエンチー,いえんちー",0
Yanchuan,"延川県,えんかわけん",0
yandy,"種とごみを選別する,たねとごみをせんべつする",0
yang,"陽,よう",0
Yangcheng,"陽城県,ようしろけん",0
Yangchon-gu,"陽州区,ようしゅうく_ヤンチョン・グゥ,やんちょん・ぐぅ",0
Yangchun,"ヤンチュン,やんちゅん",0
Yangdok,"ヤンドク,やんどく",0
Yangdong,"陽東県,ようひがしけん",0
Yanggao,"陽高県,ようたかけん",0
Yanggu,"陽谷県,ようたにけん",0
Yangiyul,"ヤンギユーリ,やんぎゆーり",0
Yangjiang,"陽江,ようこう_ヤンチアン,やんちあん_ようこう,ようこう",0
Yangon,"ヤンゴン,やんごん",0
Yangon Airways,"ヤンゴン航空,やんごんこうくう",0
Yangon Region,"ヤンゴン管区,やんごんかんく",0
Yangpu,"洋浦区,ひろしうらく",0
Yangqu,"陽曲県,ようきょくけん",0
Yangquan,"陽泉,よういずみ_ヤンチュワン,やんちゅわん_ようせん,ようせん",0
Yangshan,"陽山県,ようやまがた",0
Yangshao,"仰韶,ぎょうしょう",0
Yangshuo,"陽朔,ようさく_ヤンシュオ,やんしゅお_ようさく,ようさく",0
Yangtze River,"揚子江,ようすこう_長江,ちょうこう",0
Yangxi,"陽西県,ようにしけん",0
Yangxin,"ヤンシン,やんしん",0
Yangyuan,"陽原県,ようはらけん",0
Yangzhou,"揚州,ようしゅう_ヤンチョウ,やんちょう_ようしゅう,ようしゅう",0
Yangzi Jiang,"揚子江,ようすこう_長江,ちょうこう",0
Yanji,"イエンチー,いえんちー_延吉,えんきち_えんきち,えんきち",0
Yanjin,"塩津,しおず_イエンジン,いえんじん",0
yank,"強く引っ張ること,つよくひっぱること",0
Yank,"アメリカ人,あめりかにん",0
yankee,"ヤンキー,やんきー",0
Yankee,"ヤンキー,やんきー_Y,わい",0
Yankee Doodle Dandy,"ヤンキー・ドゥードゥル・ダンディ,やんきー・どぅーどぅる・だんでぃ",0
Yankee-bashing,"米国たたき,べいこくたたき",0
Yankeedom,"ヤンキーの国,やんきーのくに",0
Yankeeism,"アメリカ英語訛り,あめりかえいごなまり",0
Yankeeland,"米国北部諸州,べいこくほくぶしょしゅう",0
yankees,"ヤンキース,やんきーす",0
yanking,"米兵と付き合うこと,べいへいとつきあうこと",0
Yanks,"ヤンクス,やんくす",0
Yankton,"ヤンクトン族,やんくとんぞく_ヤンクトン,やんくとん",0
Yanktonai,"ヤンクトナイ族,やんくとないぞく",0
"Yanmar Diesel Engine Co., Ltd.","ヤンマーディーゼル,やんまーでぃーぜる",0
Yannina,"ヨアニナ,よあにな",0
yanqui,"ヤンキー,やんきー",0
Yanshou,"延寿県,えんひさしけん",0
Yantai,"煙台,けむりだい_イェンタイ,いぇんたい_えんだい,えんだい",0
Yantian,"塩田区,しおだく",0
Yanting,"塩亭県,しおていけん",0
Yantongshan,"イエントンシャン,いえんとんしゃん",0
yantra,"ヤントラ,やんとら",0
Yanychi,"ヤニチ,やにち",0
Yanyuan,"塩源県,しおげんけん",0
Yanzhou,"イエンチョウ,いえんちょう",0
Yao,"ヤーオ,やーお",0
Yao International Center,"財団法人八尾市国際交流センター,ざいだんほうじんやおしこくさいこうりゅうせんたー",0
Yaoan,"姚安県,ようあんけん",0
Yaohan Japan Corporation,"ヤオハンジャパン,やおはんじゃぱん",0
yaoi,"ボーイズラブ,ぼーいずらぶ_やおい,やおい",0
"Yaoko Co., Ltd.","ヤオコー,やおこー",0
Yaounde,"ヤウンデ,やうんで",0
yap,"ほえ声,ほえこえ_絶え間ないおしゃべり,たえまないおしゃべり_口,くち",0
Yap Island,"ヤップ島,やっぷしま",0
Yapese,"ヤップ島民,やっぷしまたみ",0
yapok,"ミズオポッサム,みずおぽっさむ",0
yapon,"ヤウポン,やうぽん",0
yappy,"ヤッピー,やっぴー",0
Yaque del Norte,"ヤケ・デル・ノルテ川,やけ・でる・のるてかわ",0
Yaqui,"ヤキ川,やきかわ",0
Yaquina,"ヤキーナ族,やきーなぞく",0
Yaracuy,"ヤラクイ州,やらくいしゅう",0
Yaraka,"ヤラカ,やらか",0
Yaransk,"ヤランスク,やらんすく",0
Yarborough,"2から9までの札のみの手,にからきゅうまでのさつのみのて_くず手,くずて",0
yard,"ヤード,やーど_帆桁,ほけた_100ドル,ひゃくどる_10億,じゅうおく_庭,にわ_庭園,ていえん_芝地,しばち_中庭,なかにわ_囲い地,かこいち_置き場,おきば_操車場,そうしゃば_飼育場,しいくば_冬の牧草地,ふゆのぼくそうち",0
Yarda,"ヤルダ,やるだ",0
yardage,"ヤード法で測った長さ,やーどほうではかったながさ_布地の長さ,ぬのじのながさ_距離,きょり_ヤード,やーど",0
yardang,"ヤルダン,やるだん",0
yardarm,"けた端,けたはじ",0
yardbird,"雑役兵,ざつえきへい_囚人,しゅうじん_初年兵,しょねんへい",0
yardie,"ヤーディー,やーでぃー",0
yardman,"駅構内の作業員,えきこうないのさぎょういん_庭師,にわし_植木屋,うえきや",0
yards,"ヤード,やーど",0
Yards,"裏切り者,うらぎりもの",0
yardstick,"ヤード尺,やーどしゃく_基準,きじゅん_尺度,しゃくど_物差し,ものさし",0
Yarim,"ヤリーム,やりーむ",0
Yarkant,"ヤールカンド,やーるかんど",0
Yarmouk River,"ヤルムーク川,やるむーくかわ",0
Yarmouth,"ヤーマス,やーます",0
Yarmuk,"ヤルムク川,やるむくかわ",0
yarn,"糸,いと_作り話,つくりはなし_冒険談,ぼうけんだん",0
yarn-bomber,"編み物で落書きする人,あみものでらくがきするにん",0
yarn-bombing,"編み物落書き,あみものらくがき",0
yarn-dyed,"染め織り物用の糸,そめおりものようのいと",0
yarn-making,"製糸,せいし",0
yarn-spinner,"話の上手な人,はなしのじょうずなにん",0
Yaroslavka,"ヤロスラフカ,やろすらふか",0
Yaroslavl,"ヤロスラブリ,やろすらぶり",0
Yarovoye,"ヤロヴォエ,やろゔぉえ",0
Yarra,"ヤラ川,やらかわ",0
yarrow,"ノコギリソウ,のこぎりそう",0
Yars,"そう,そう_はい,はい",0
Yartsevo,"ヤルツェボ,やるつぇぼ",0
Yarumal,"ヤルマル,やるまる",0
Yaruro,"ヤルロ族,やるろぞく",0
Yasel'da,"ヤセリダ川,やせりだかわ",0
yashmak,"ヤシュマク,やしゅまく_ヤシュマック,やしゅまっく",0
Yashyunai,"ヤシューナイ,やしゅーない",0
Yasinya,"ヤシニャ,やしにゃ",0
YASKAWA Electric Corporation,"株式会社安川電機,かぶしきがいしゃやすかわでんき",0
Yasny,"ヤスンイ,やすんい",0
"Yasuda Fire and Marine Insurance Company, Limited","安田火災海上保険,やすだかさいかいじょうほけん",0
"Yasuda General Insurance Co., Ltd.","安田ライフ損害保険,やすだらいふそんがいほけん",0
Yasuda Life Cultural Foundation,"財団法人安田生命クオリティオブライフ文化財団,ざいだんほうじんやすだせいめいくおりてぃおぶらいふぶんかざいだん",0
Yasuda Mutual Life Insurance Co.,"安田生命保険,やすだせいめいほけん",0
"Yasuda Research Institute, Co., Ltd.","安田総合研究所,やすだそうごうけんきゅうしょ",0
"Yasuda Trust And Banking Company, Limited","安田信託銀行,やすだしんたくぎんこう",0
"Yasuhara Chemical Co., Ltd.","ヤスハラケミカル株式会社,やすはらけみかるかぶしきがいしゃ",0
Yasuj,"ヤースージュ,やーすーじゅ",0
Yasukand,"ヤースーキャンド,やーすーきゃんど",0
Yasunaga Corporation,"株式会社安永,かぶしきがいしゃやすなが",0
yataghan,"ヤタガン剣,やたがんつるぎ",0
yatata,"おしゃべり,おしゃべり",0
yatata-yatata,"おしゃべり,おしゃべり",0
Yathkyed Lake,"ヤスキエド湖,やすきえどみずうみ",0
yatter,"おしゃべり,おしゃべり",0
yaud,"雌馬,めすうま",0
Yaunelgava,"ヤウネルガワ,やうねるがわ",0
yaupon,"ヤウポン,やうぽん",0
yautia,"ヤウティア,やうてぃあ",0
Yauza,"ヤウザ川,やうざかわ",0
Yavana,"ヤヴァナ,やゔぁな",0
Yavapai,"ヤヴァパイ族,やゔぁぱいぞく",0
Yavatmal,"ヤバトマール,やばとまーる",0
Yavorov,"ヤボロフ,やぼろふ",0
yaw,"ヨーイング,よーいんぐ",0
yaw-meter,"ヨーメーター,よーめーたー_偏揺れ計,へんゆれけい",0
yawing,"船首揺れ,せんしゅゆれ_偏揺れ,へんゆれ",0
yawl,"ヨール,よーる_船載用小型手こぎボート,ふねさいようこがたてこぎぼーと",0
yawn,"あくび,あくび_退屈なこと,たいくつなこと",0
yawner,"あくびをする人,あくびをするにん_退屈なこと,たいくつなこと",0
yawnsville,"退屈な人,たいくつなにん",0
yawp,"ペチャクチャ,ぺちゃくちゃ",0
yawping,"愚痴,ぐち",0
yaws,"イチゴ腫,いちごしゅ_フランベジア,ふらんべじあ",0
yay,"イェイという言葉,いぇいということば_祝辞,しゅくじ_称賛,しょうさん",0
Yazd,"ヤズド,やずど",0
Yazdanshahr,"ヤズダーンシャフル,やずだーんしゃふる",0
Yazoo,"ヤズー族,やずーぞく_ヤズー川,やずーかわ",0
yazzihamper,"嫌なやつ,いやなやつ",0
Ycoden Daute Isora,"イコデン・ダウテ・イソーラ,いこでん・だうて・いそーら",0
Ye,"イエ,いえ",0
Ye-u,"エウー,えうー",0
ye-ye,"イエイエスタイル,いえいえすたいる_若者好みの服装,わかものこのみのふくそう",0
yea,"賛成,さんせい",0
yea-sayer,"イエスマン,いえすまん_へつらう人,へつらうにん_楽天家,らくてんか_楽観論者,らくかんろんしゃ_肯定派,こうていは",0
yeah-man,"退屈な人,たいくつなにん",0
yealing,"自分と同年齢の人,じぶんとどうねんれいのにん",0
yeanling,"子ヤギ,こやぎ_子羊,こひつじ",0
year,"年,ねん_1カ年,いちかねん_年齢,ねんれい_歳,とし_年度,ねんど_当たり年,あたりねん_時代,じだい",1
year high,"年間の最高値,ねんかんのさいたかね_年初来の高値,ねんはつこのたかね",0
Year My Voice Broke,"君といた丘,くんといたおか",0
Year of Living Dangerously,"危険な年,きけんなねん",0
Year of the Comet,"イヤー・オブ・ザ・コメット／失われたワインを追え！,いやー・おぶ・ざ・こめっと／うしなわれたわいんをおえ！",0
Year of the Dragon,"イヤー・オブ・ザ・ドラゴン,いやー・おぶ・ざ・どらごん",0
Year of the Gun,"イヤー・オブ・ザ・ガン,いやー・おぶ・ざ・がん",0
Year of the Quiet Sun,"太陽の年,たいようのねん",0
year-end,"年末,ねんまつ_会計年度末,かいけいねんどまつ",0
year-over-year,"前年比,ぜんねんひ",0
year-rounder,"1年中使えるもの,いちねんじゅうつかえるもの_1年中住んでいる人,いちねんじゅうすんでいるにん",0
year-to-date,"当会計年度の初めから今日累計,とうかいけいねんどのはじめからきょうるいけい_1年前から今日まで,いちねんまえからきょうまで_過去1年間,かこいちねんかん_日付までの1年間,ひづけまでのいちねんかん_年初来,ねんはつらい",0
yearbook,"年鑑,ねんかん_卒業記念アルバム,そつぎょうきねんあるばむ",0
yearling,"1年子,いちねんこ_1歳馬,いっさいうま",0
Yearling,"子鹿物語,こじかものがたり",0
yearning,"憧れ,あこがれ_思慕,しぼ_切なる思い,せつなるおもい_切望,せつぼう",0
years,"年,ねん_歳,とし_年齢,ねんれい",0
yeast,"酵母,こうぼ_イースト,いーすと_泡,あわ_きっかけ,きっかけ_固形イースト,こけいいーすと_感化を与えるもの,かんかをあたえるもの_大騒ぎ,おおさわぎ",0
yeaster,"ビールを飲む人,びーるをのむにん",0
Yecla,"イェクラ,いぇくら",0
yeepie,"若々しくて元気なお年寄り,わかわかしくてげんきなおとしより",0
yegg,"金庫破り,きんこやぶり",0
Yeghegnadzor,"イェゲグナゾル,いぇげぐなぞる",0
Yegoryevsk,"エゴリエフスク,えごりえふすく",0
yeguangbei,"夜光杯,やこうはい",0
Yehe,"エホ,えほ",0
Yehudi,"ユダヤ人,ゆだやにん",0
Yei,"イェイ,いぇい_イエイ,いえい",0
Yekaterinburg,"エカテリンブルク,えかてりんぶるく",0
Yelabuga,"エラブガ,えらぶが",0
Yelets,"エレツ,えれつ",0
Yelizovo,"エリゾヴォ,えりぞゔぉ",0
yell,"叫び声,さけびこえ_エール,えーる",4
Yell,"イェル島,いぇるしま",0
yell for help,"助けを求める叫び,たすけをもとめるさけび",0
yell-out,"わめき声,わめきこえ_怒鳴りあい,どなりあい",0
yellow,"黄色,きいろ_イエロー,いえろー_黄色い顔料,きいろいがんりょう_黄色い服,きいろいふく_臆病,おくびょう_黄色人種,きいろじんしゅ_アジア人,あじあにん_黄身,きみ_金,きん_黄葉病,こうようびょう",1
yellow card,"イエローカード,いえろーかーど_予防接種証明書,よぼうせっしゅしょうめいしょ",0
Yellow Hair And the Fortress of Gold,"イエロー・ヘアー／黄金の道,いえろー・へあー／おうごんのみち",0
Yellow Knife,"イェローナイフ,いぇろーないふ",0
Yellow River,"黄河,こうが_シラムレン川,しらむれんかわ_イエロー・リバー,いえろー・りばー",0
Yellow Rolls Royce,"黄色いロールス・ロイス,きいろいろーるす・ろいす",0
Yellow Sea,"黄海,こうかい",0
Yellow Submarine,"ビートルズ／イエローサブマリン,びーとるず／いえろーさぶまりん",0
yellow-green,"黄緑,きみどり",0
yellow-newspaper,"扇情的で低俗な新聞,おうぎじょうてきでていぞくなしんぶん",0
yellow/magenta/cyan/black,"減色混合法における色の構成要素,げんしょくこんごうほうにおけるしょくのこうせいようそ",0
yellowback,"黄表紙本,きびょうしほん",0
Yellowbeard,"イエローパイレーツ,いえろーぱいれーつ",0
yellowbelly,"臆病者,おくびょうもの",0
yellowbird,"羽の黄色い鳥,はねのきいろいとり",0
yellowfinch,"キンノジコ,きんのじこ",0
yellowfish,"中国人の不法入国者,ちゅうごくじんのふほうにゅうこくもの",0
yellowhammer,"キオアジ,きおあじ_ハシボソキツツキ,はしぼそきつつき",0
Yellowhammer State,"ハシボソキツツキの州,はしぼそきつつきのしゅう",0
yellowhead,"キイロモフアムシクイ,きいろもふあむしくい",0
yellowhorn,"ブンカンカ,ぶんかんか",0
yellowing,"黄変,きへん",0
yellowish-red,"黄色がかった赤,きいろがかったあか",0
yellowish-white,"黄色がかった白色,きいろがかったはくしょく",0
Yellowknife,"イェローナイフ,いぇろーないふ",0
yellowlegs,"キアシシギ,きあししぎ",0
yellowness,"黄色さ,きいろさ",0
yellowroot,"根の黄色い植物,ねのきいろいしょくぶつ",0
Yellowstone,"イエローストーン,いえろーすとーん",0
Yellowstone Lake,"イエローストーン湖,いえろーすとーんみずうみ",0
yellowtail,"黄色い尾びれの魚,きいろいおびれのさかな_ブリ,ぶり_あおっこ,あおっこ_若魚,じゃくさかな_ワカシ,わかし_イナダ,いなだ_ワラサ,わらさ_ツバス,つばす_ハマチ,はまち_メジロ,めじろ",0
yellowthroat,"カオグロアメリカムシクイ,かおぐろあめりかむしくい",0
yellowwood,"黄色の染料が採れる木,きいろのせんりょうがとれるき",0
yellowwort,"ヨーロッパ産リンドウ科の植物,よーろっぱさんりんどうかのしょくぶつ",0
Yelnya,"エリニャ,えりにゃ",0
yelp,"甲高い声,かんだかいこえ_悲鳴,ひめい",0
yelper,"甲高い声を出す人,かんだかいこえをだすにん_サイレン,さいれん",0
Yemanzhelinsk,"エマンジェリンスク,えまんじぇりんすく",0
Yemenite,"イエメン人,いえめんにん",0
Yemva,"エンバ,えんば",0
yen,"円,えん_憧れ,あこがれ_熱望,ねつぼう_渇望,かつぼう_麻薬に対する強い欲求,まやくにたいするしいよっきゅう",0
Yen-bai,"イエンバイ,いえんばい",0
yen-hok,"小さく丸めたアヘンをパイプに詰めるための針のような器具,ちいさくまるめたあへんをぱいぷにつめるためのはりのようなきぐ",0
yen-hook,"小さく丸めたアヘンをパイプに詰めるための針のような器具,ちいさくまるめたあへんをぱいぷにつめるためのはりのようなきぐ",0
yen-shee,"アヘン,あへん_ヘロイン,へろいん",0
Yenangyaung,"イェナンジョン,いぇなんじょん",0
Yenbay,"エンバイ,えんばい",0
Yenbo el Bahr,"エンボ・エル・バフル,えんぼ・える・ばふる",0
yenbond,"円債,えんさい",0
Yendi,"イエンディ,いえんでぃ",0
Yenice,"エニジェ川,えにじぇかわ",0
Yenisei,"イェニセイ川,いぇにせいかわ_エニセイ川,えにせいかわ",0
Yenisey,"エニセイ川,えにせいかわ_エニセイ湾,えにせいわん",0
Yenisey Gulf,"エニセイ湾,えにせいわん",0
Yenisey River,"エニセイ川,えにせいかわ",0
Yeniseysk,"エニセイスク,えにせいすく",0
Yenping GongLu,"延平公路,えんたいらこうみち_エンピン・コンルー,えんぴん・こんるー",0
Yentl,"愛のイエントル,あいのいえんとる",0
yeoman,"庶務下士官,しょむかしかん",0
Yeovil,"ヨービル,よーびる",0
Yeppoon,"イェプーン,いぇぷーん",0
Yerava,"イェラヴァ族,いぇらゔぁぞく",0
Yerba Buena,"イエルバ・ブエナ,いえるば・ぶえな",0
Yerba Buena Island,"イエルバ・ブエナ島,いえるば・ぶえなしま",0
Yerevan,"エレバン,えればん",0
Yersinia,"エルシニア属,えるしにあぞく",0
yersiniosis,"エルシニア症,えるしにあしょう",0
Yerupaja,"イエルパハ山,いえるぱはやま",0
Yerushalayim,"エルサレムのヘブライ語読み,えるされむのへぶらいごどくみ",0
yes,"イエスという返事,いえすというへんじ",0
yes-girl,"簡単にセックスをさせてくれる女,かんたんにせっくすをさせてくれるおんな_ナンパしやすい女,なんぱしやすいおんな",0
yes-man,"イエスマン,いえすまん_ゴマすり,ごますり_ご機嫌取り,ごきげんとり_おべっか使い,おべっかつかい_おべんちゃら屋,おべんちゃらや_おべんちゃらを言う人,おべんちゃらをいうにん_追従者,ついじゅうもの_へいこらするやつ,へいこらするやつ_へつらうやつ,へつらうやつ_太鼓持ち,たいこもち",0
yes/no,"合格・不合格,ごうかく・ふごうかく_合否,ごうひ_良いか否か,よいかいなか",0
yesca,"マリフアナ,まりふあな",0
yeshiva,"イェシーバー,いぇしーばー_イェシバ,いぇしば",0
Yesl Irmak,"イエシルイルマク川,いえしるいるまくかわ",0
Yessentuki,"エセントゥキ,えせんとぅき",0
Yeste,"エステ,えすて",0
yester-e'en,"昨晩,さくばん",0
yester-eve,"昨晩,さくばん",0
yester-even,"昨晩,さくばん",0
yester-evening,"昨晩,さくばん",0
yester-morning,"昨日の朝,きのうのあさ",0
yesterday,"昨日,きのう",2
Yesterday,"イエスタデイ,いえすたでい",0
yesterday-today-and-tomorrow,"ニオイバンマツリ,においばんまつり",0
yesternight,"昨夜,さくや",0
yesternoon,"昨日の正午,きのうのしょうご",0
yestersol,"昨火星日,さくかせいにち",0
yestertech,"昨年の技術,さくねんのぎじゅつ",0
yesterweek,"先週,せんしゅう",0
yesteryear,"昨年,さくねん_先年,せんねん",0
yestreen,"昨晩,さくばん",0
yeti,"イエティ,いえてぃ_雪男,ゆきおとこ_野蛮人,やばんじん_ばか,ばか",0
Yevlakh,"イェブラフ,いぇぶらふ",0
Yevstaf'yevo,"エウスタフィエボ,えうすたふぃえぼ",0
yew,"イチイ,いちい_マイヅルソウ,まいづるそう",0
yewy,"Uターン,ゆーたーん",0
Yeysk,"エイスク,えいすく",0
Yezo Deer Association,"社団法人エゾシカ協会,しゃだんほうじんえぞしかきょうかい",0
Ygrec,"イグレック,いぐれっく",0
Yi,"イ族,いぞく",0
Yian,"依安県,いあんけん",0
Yiannitsa,"ヤニツァ,やにつぁ",0
Yibin,"宜寶,ぎたから_イーピン,いーぴん_ぎほう,ぎほう",0
Yichang,"宜昌,ぎまさ_イーチャン,いーちゃん_ぎしょう,ぎしょう",0
Yichun,"宜春,ぎはる_イーチュン,いーちゅん_ぎしゅん,ぎしゅん",0
Yiddish,"イディッシュ語,いでぃっしゅご",0
Yidu,"イートー,いーとー",0
yield,"収穫高,しゅうかくたか_生産量,せいさんりょう_産出量,さんしゅつりょう_収益,しゅうえき_利回り,りまわり_配当,はいとう_収率,しゅうりつ_核威力,かくいりょく",6
yieldability,"生産性,せいさんせい_収益性,しゅうえきせい_降伏度,こうふくど",0
Yifeng,"宜豊県,ぎゆたかけん",0
Yiffmas,"クリスマス,くりすます",0
"Yihua Toray Polyester Film Co., Ltd.","儀化東麗聚薄膜有限公司,ぎかひがしれいじゅはくまくゆうげんこうし",0
Yihuang,"宜黄県,ぎきけん",0
Yijinhuoluo Qi,"エジンホロ旗,えじんほろはた",0
Yijun,"宜君県,ぎくんけん",0
Yik Ju,"イクチャオ,いくちゃお",0
yike,"議論,ぎろん_口論,こうろん_口げんか,くちげんか",0
Yilan,"宜蘭,ぎらん_イィラン,いぃらん_イーラン,いーらん_ギラン,ぎらん",0
YIMBYism,"インビー主義,いんびーしゅぎ",0
Yimen,"易門県,えきもんけん",0
yin,"陰,いん",0
Yin,"殷,いん_イン・ワンチャオ,いん・わんちゃお",0
Yin dynasty,"殷,いん_イン・ワンチャオ,いん・わんちゃお",0
yin-yeung,"インヤン茶,いんやんちゃ",0
Yinan,"沂南県,ぎみなみけん",0
Yinchuan,"銀川,ぎんかわ_インチュアン,いんちゅあん_興州,きょうしゅう",0
ying-yang,"性器,せいき_尻の穴,しりのあな_ばか者,ばかもの_愚か者,おろかもの_あほ,あほ_間抜け,まぬけ_能なし,のうなし",0
Yingcheng,"インチョン,いんちょん",0
Yingde,"イントー,いんとー",0
Yingkou,"インコウ,いんこう_営口,えいくち_えいこう,えいこう",0
Yinglish,"イディッシュ語を多く含む英語,いでぃっしゅごをおおくふくむえいご",0
Yingtan,"インタン,いんたん",0
Yining,"伊寧,いねい_イーニン,いーにん_いねい,いねい",0
Yinnan,"インナン,いんなん",0
Yioura,"イウラ島,いうらしま",0
yip,"キャンキャンいうほえ声,きゃんきゃんいうほえこえ_イップス,いっぷす",5
Yipinglang,"イーピンラン,いーぴんらん",0
yippie,"イッピー,いっぴー_港内巡視艇,こうないじゅんしてい",0
yips,"極度に緊張した状態,きょくどにきんちょうしたじょうたい",0
Yirga Alam,"イルガアラム,いるがあらむ",0
Yishui,"沂水県,ぎみずけん",0
Yithion,"イシオン,いしおん",0
Yivo Institute for Jewish Research,"イーヴォ・ユダヤ研究所,いーゔぉ・ゆだやけんきゅうしょ",0
Yiwu,"義烏市,ぎからすし",0
Yixing,"宜興,ぎきょう_イーシン,いーしん_ぎこう,ぎこう",0
Yiyang,"益陽,ますよう_イーヤン,いーやん_えきよう,えきよう",0
Yiyuan,"沂源県,ぎげんけん",0
Yizhang,"宜章県,ぎしょうけん",0
YKK Corporation,"YKK株式会社,わいけいけいかぶしきがいしゃ",0
yl,"イル,いる",0
ylamino,"イルアミノ,いるあみの",0
ylang-ylang,"イランイランノキ,いらんいらんのき",0
ylene,"イレン,いれん",0
ylide,"イリド,いりど",0
ylidene,"イリデン,いりでん",0
ylmethyl,"イルメチル,いるめちる",0
yloxy,"イルオキシ,いるおきし",0
ylthio,"イルチオ,いるちお",0
YM Special!!,"YMスペシャル！！,わいえむすぺしゃる！！",0
YMCA of Toyama,"財団法人富山YMCA,ざいだんほうじんとやまわいえむしーえー",0
ynone,"イノン,いのん",0
yo-yo,"ヨーヨー,よーよー_上下運動を繰り返すもの,じょうげうんどうをくりかえすもの_変動するもの,へんどうするもの_意見がコロコロ変わる人,いけんがころころかわるにん_ばか者,ばかもの_愚か者,おろかもの_あほ,あほ_間抜け,まぬけ_能なし,のうなし",0
yob,"下品な若者,げひんなわかもの_チンピラ,ちんぴら_不良少年,ふりょうしょうねん_反社会的行動を取る若者,はんしゃかいてきこうどうをとるわかもの",0
yobbery,"チンピラ的行為,ちんぴらてきこうい",0
yobbo,"下品な若者,げひんなわかもの_チンピラ,ちんぴら_不良少年,ふりょうしょうねん_反社会的行動を取る若者,はんしゃかいてきこうどうをとるわかもの",0
yobo,"下品な若者,げひんなわかもの_チンピラ,ちんぴら_不良少年,ふりょうしょうねん_反社会的行動を取る若者,はんしゃかいてきこうどうをとるわかもの",0
yock,"大声の笑い,おおごえのわらい",0
yocto,"ヨクト,よくと_10のマイナス24乗,じゅうのまいなすにじゅうしじょう_1E-24,いちいーまいなすにじゅうし_y,わい",0
yod,"ユッド,ゆっど",0
yodel,"ヨーデル,よーでる",0
yodeler,"ヨーデル歌手,よーでるかしゅ_密告者,みっこくもの",0
yodh,"ユッド,ゆっど",0
"Yodogawa Steel Works, Ltd.","淀川製鋼所,よどがわせいこうしょ",0
yofu,"ヨーフ,よーふ",0
yoga,"ヨガ,よが",0
Yoga International,"ヨガ・インターナショナル,よが・いんたーなしょなる",0
Yogacise,"ヨガ式エクササイズ,よがしきえくささいず",0
yogi,"ヨーガ行者,よーがぎょうじゃ",0
yogism,"ヨーガの行,よーがのぎょう",0
yogurt,"ヨーグルト,よーぐると_発酵乳,はっこうちち",0
yogurt-eater,"ヨーグルトを食べる人,よーぐるとをたべるにん",0
yogurt-maker,"ヨーグルトメーカー,よーぐるとめーかー",0
Yogyakarta,"ジョクジャカルタ,じょくじゃかるた",0
Yohimbe,"ヨヒンベ,よひんべ",0
yohimbine,"ヨヒンビン,よひんびん",0
Yoi Island,"汝矣島,なんじいしま_ヨイド島,よいどしま",0
Yojimbo,"用心棒,ようじんぼう",0
Yoju,"ヨジュ,よじゅ",0
Yokadouma,"ヨカドマ,よかどま",0
yoke,"くびき,くびき_1対の雄牛,いっついのおうし_てんびん棒,てんびんぼう_束縛,そくばく_重荷,おもに_絆,きずな_契り,ちぎり_槍門,やりもん_ヨーク,よーく_操縦かん,そうじゅうかん_偏向ヨーク,へんこうよーく",0
yokefellow,"仲間,なかま_配偶者,はいぐうしゃ",0
yokel,"田舎者,いなかもの",0
yokelines,"横舵柄索,よこかじがらさく",0
yoker,"強盗,ごうとう",0
yokeropes,"横舵柄索,よこかじがらさく",0
Yokkaichi International Association,"財団法人四日市国際交流協会,ざいだんほうじんよっかいちこくさいこうりゅうきょうかい",0
"Yokogawa Analytical Systems, Inc.","横河アナリティカルシステムズ株式会社,よこがわあなりてぃかるしすてむずかぶしきがいしゃ",0
Yokogawa Bridge Corporation,"横河ブリッジ,よこがわぶりっじ",0
"Yokogawa Bridge Works, Ltd.","横河橋梁製作所,よこがわきょうりょうせいさくしょ",0
"Yokogawa Construction Co., Ltd.","横河工事,よこがわこうじ",0
Yokogawa Electric Corporation,"横河電機,よこがわでんき",0
Yokogawa Johnson Controls Corporation,"横河ジョンソンコントロールズ,よこがわじょんそんこんとろーるず",0
Yokogawa Rental & Lease Corporation,"横河レンタ・リース株式会社,よこがわれんた・りーすかぶしきがいしゃ",0
Yokohama Ad Promotion Cooperative Society,"横浜アド・プロモーション協同組合,よこはまあど・ぷろもーしょんきょうどうくみあい",0
Yokohama AIDS Action and Information Center,"横浜エイズ市民活動センター,よこはまえいずしみんかつどうせんたー",0
Yokohama Amateur Sports Association,"財団法人横浜市体育協会,ざいだんほうじんよこはましたいいくきょうかい",0
Yokohama Arena,"株式会社横浜アリーナ,かぶしきがいしゃよこはまありーな",0
Yokohama Arts Foundation,"財団法人横浜市芸術文化振興財団,ざいだんほうじんよこはましげいじゅつぶんかしんこうざいだん",0
Yokohama Association for International Communications and Exchanges,"財団法人横浜市国際交流協会,ざいだんほうじんよこはましこくさいこうりゅうきょうかい",0
"Yokohama Chikagai Co., Ltd.","横浜地下街,よこはまちかがい",0
Yokohama City Council of Social Welfare,"社会福祉法人横浜市社会福祉協議会,しゃかいふくしほうじんよこはまししゃかいふくしきょうぎかい_横浜市社協,よこはまししゃきょう",0
Yokohama Clarinet Ensemble,"横浜クラリネット合奏団,よこはまくらりねっとがっそうだん",0
Yokohama Comprehensive Care Continuum,"横浜市総合保健医療センター,よこはましそうごうほけんいりょうせんたー",0
Yokohama Customs Brokers Association,"横浜通関業会,よこはまつうかんぎょうかい",0
"Yokohama F.M. Broadcasting Co., Ltd.","横浜エフエム放送,よこはまえふえむほうそう",0
Yokohama Foreign Trade Association,"社団法人横浜貿易協会,しゃだんほうじんよこはまぼうえききょうかい",0
Yokohama Foundation for the Advancement of Life Sciences,"財団法人木原記念横浜生命科学振興財団,ざいだんほうじんきはらきねんよこはませいめいかがくしんこうざいだん",0
YOKOHAMA HAKKEIJIMA INC.,"株式会社横浜八景島,かぶしきがいしゃよこはまはっけいしま",0
Yokohama History Museum,"横浜市歴史博物館,よこはましれきしはくぶつかん",0
Yokohama Industrial Development Corporation,"財団法人横浜産業振興公社,ざいだんほうじんよこはまさんぎょうしんこうこうしゃ_横浜市中小企業支援センター,よこはましちゅうしょうきぎょうしえんせんたー",0
Yokohama International Tennis Community,"社団法人横浜インターナショナルテニスコミュニティ,しゃだんほうじんよこはまいんたーなしょなるてにすこみゅにてぃ",0
Yokohama Maritime Museum,"横浜マリタイムミュージアム,よこはままりたいむみゅーじあむ",0
Yokohama Matsuzakaya (Department Store) Ltd.,"横浜松坂屋,よこはままつざかや",0
Yokohama Medical Association,"社団法人横浜市医師会,しゃだんほうじんよこはましいしかい",0
Yokohama municipal association for women's rights,"財団法人横浜市女性協会,ざいだんほうじんよこはましじょせいきょうかい",0
Yokohama Museum of EurAsian Cultures,"横浜ユーラシア文化館,よこはまゆーらしあぶんかかん",0
Yokohama Philharmonic Society,"横浜楽友協会,よこはまらくともきょうかい",0
Yokohama Port Development Public Corporation,"財団法人横浜港埠頭公社,ざいだんほうじんよこはまこうふとうこうしゃ",0
Yokohama Recreation Association,"社団法人横浜市レクリェーション協会,しゃだんほうじんよこはましれくりぇーしょんきょうかい",0
"Yokohama Reito Co., Ltd.","横浜冷凍,よこはまれいとう",0
"Yokohama Rubber Co., Ltd.","横浜ゴム,よこはまごむ",0
Yokohama Science Center,"横浜こども科学館,よこはまこどもかがくかん",0
Yokohama Sports Promotion Corporation,"財団法人横浜市スポーツ振興事業団,ざいだんほうじんよこはましすぽーつしんこうじぎょうだん",0
Yokohama Women's Association for Communication and Networking,"財団法人横浜市女性協会,ざいだんほうじんよこはましじょせいきょうかい",0
Yokohama World Business Support Center,"横浜ワールドビジネスサポートセンター,よこはまわーるどびじねすさぽーとせんたー",0
Yokohama Yacht Club,"社団法人横浜ヨット協会,しゃだんほうじんよこはまよっときょうかい",0
Yokohama Young Men's Christian Association,"財団法人横浜キリスト教青年会,ざいだんほうじんよこはまきりすときょうせいねんかい_横浜YMCA,よこはまわいえむしーえー",0
Yokohama Young Women's Christian Association,"財団法人横浜キリスト教女子青年会,ざいだんほうじんよこはまきりすときょうじょしせいねんかい_横浜YWCA,よこはまわいだぶるしーえー",0
"Yokowo Co., Ltd.","ヨコオ,よこお",0
Yokozuna Deliberation Council,"横綱審議委員会,よこづなしんぎいいんかい",0
Yokozuna Promotion Council,"横綱審議委員会,よこづなしんぎいいんかい",0
Yola,"ヨーラ,よーら",0
yold,"間抜け,まぬけ",0
yolk,"卵黄,らんおう_黄身,きみ_羊毛脂,ようもうあぶら",0
Yolombo,"ヨロンボ,よろんぼ",0
Yoloten,"ヨロテン,よろてん",0
"Yomeishu Seizo Co., Ltd.","養命酒製造,ようめいしゅせいぞう",0
"Yomiko Advertising, Inc.","読売広告社,よみうりこうこくしゃ",0
Yomiuri Giants,"読売ジャイアンツ,よみうりじゃいあんつ_読売巨人軍,よみうりきょじんぐん",0
"Yomiuri Land Co., Ltd.","よみうりランド,よみうりらんど",0
Yomiuri Light and Humanity Association,"財団法人読売光と愛の事業団,ざいだんほうじんよみうりひかとあいのじぎょうだん",0
Yomiuri Nippon Symphony Orchestra,"財団法人読売日本交響楽団,ざいだんほうじんよみうりにほんこうきょうがくだん",0
Yomud,"ヨムート族,よむーとぞく",0
Yomut,"ヨムート族,よむーとぞく",0
Yoncalla,"ヨンカラ族,よんからぞく",0
Yondenko Corporation,"四電工,しでんこう",0
Yonekyu Corporation,"米久,こめきゅう",0
"Yonex Co., Ltd.","ヨネックス,よねっくす",0
Yongan,"永安市,ながやすし",0
Yongbyon,"寧辺,ねいへん",0
Yongchuan,"ヨンチョワン,よんちょわん",0
Yongchun,"永春県,えいはるけん",0
Yongde,"永徳県,えいとくけん",0
Yongdeng,"ヨントン,よんとん",0
Yongding,"永定区,えいていく",0
Yongdungp'o,"ヨンドゥンポ,よんどぅんぽ",0
Yongfeng,"永豊県,えいゆたかけん",0
Yongfu,"永福県,えいふくけん",0
Yonghe,"永和県,ひさかずけん",0
Yonghung,"ヨンフン,よんふん",0
Yongjia,"永嘉,えいか_ヨンチア,よんちあ",0
Yongju,"ヨンジュ,よんじゅ",0
Yongkang,"永康市,えいこういち",0
Yongnian,"永年県,えいねんけん",0
Yongping,"永平県,えいたいらけん",0
Yongpung,"ヨンプン,よんぷん",0
Yongren,"永仁県,えいひとしけん",0
Yongsan,"ヨンサン,よんさん",0
Yongshan,"永善県,えいぜんけん",0
Yongsheng,"永勝県,えいかちけん",0
Yongshou,"永寿県,えいひさしけん",0
Yongshun,"永順県,えいじゅんけん",0
Yongtai,"永泰県,えいやすしけん",0
Yongxin,"永新県,えいしんけん",0
Yongxing,"永興県,えいきょうけん",0
Yongxiu,"永修県,えいおさむけん",0
yoni,"ヨーニ,よーに",0
Yonkers,"ヨンカーズ,よんかーず",0
yonks,"長い間,ながいかん_長期間,ちょうきかん",0
Yonne,"ヨンヌ・ワイン,よんぬ・わいん_ヨンヌ県,よんぬけん",0
yoo-ee,"Uターン,ゆーたーん",0
yoof,"若者,わかもの",0
Yor - the Hunter From the Future,"未来から来たハンター／ヨオ,みらいからきたはんたー／よお",0
Yorba Linda,"ヨーバリンダ,よーばりんだ",0
yore,"昔,むかし",0
york,"へど,へど_げろ,げろ",0
York,"ヨーク家,よーくいえ_ヨーク,よーく",0
York Factory,"ヨークファクトリー,よーくふぁくとりー",0
"York-Benimaru Co., Ltd.","ヨークベニマル,よーくべにまる",0
Yorke Peninsula,"ヨーク半島,よーくはんしま",0
yorker,"ヨーカー,よーかー",0
Yorkie,"ヨークシャーテリア,よーくしゃーてりあ",0
Yorkshire,"ヨークシャー,よーくしゃー",0
Yorkshire Dales,"ヨークシャー・デール,よーくしゃー・でーる",0
Yorkshire Wolds,"ヨークシャー丘陵,よーくしゃーきゅうりょう",0
Yorkshireman,"ヨークシャー生まれの人,よーくしゃーうまれのにん",0
Yorkton,"ヨークトン,よーくとん",0
Yorktown,"ヨークタウン,よーくたうん",0
Yoro,"ヨロ,よろ",0
Yorozu Corporation,"ヨロズ,よろず",0
yorsh,"ヨルシュ,よるしゅ",0
Yoruba,"ヨルバ族,よるばぞく_ヨルバ語,よるばご",0
Yosemite valley,"ヨセミテ渓谷,よせみてけいこく",0
"Yoshida Kogyo Co., Ltd.","吉田工業,よしだこうぎょう",0
Yoshida Scholarship Foundation,"財団法人吉田育英会,ざいだんほうじんよしだいくえいかい",0
Yoshida Shigeru International Foundation,"財団法人吉田茂国際基金,ざいだんほうじんよしだしげるこくさいききん",0
"Yoshihara Oil Mill, Ltd.","吉原製油,よしはらせいゆ",0
"Yoshimoto Kogyo Co., Ltd.","吉本興業,よしもとこうぎょう",0
yoshimuraite,"吉村石,よしむらいし",0
"Yoshinoya D&C Co., Ltd.","吉野家ディー・アンド・シー,よしのやでぃー・あんど・しー",0
Yoshinoya USA,"吉野家USA,よしのやゆーえすえー",0
Yoshkar-ola,"ヨシカルオラ,よしかるおら",0
Yoson Bulag,"ユスンブラク,ゆすんぶらく",0
Yosu,"ヨス,よす",0
"Yotai Refractories Co., Ltd.","ヨータイ,よーたい",0
yotta,"10の24乗,じゅうのにじゅうしじょう",0
yottabyte,"ヨタバイト,よたばいと",0
yottie,"ヨットが道楽の金持ち,よっとがどうらくのかねもち",0
You Are Not I,"ユー・アー・ノット・アイ,ゆー・あー・のっと・あい",0
You Can't Hurry Love,"恋は焦らず,こいはあせらず",0
"You Know Me, Al","俺は駆けだし投手,おれはかけだしとうしゅ",0
You Light Up My Life,"マイ・ソング,まい・そんぐ",0
You Never Can Tell,"分らぬもんですよ,わからぬもんですよ",0
You Only Live Once,"暗黒街の弾痕,あんこくがいのだんこん",0
You Only Live Twice,"007は二度死ぬ,しちはにどしぬ",0
You Ruined Life,"わがままエンジェル,わがままえんじぇる",0
You Were Never Lovelier,"晴れて今宵は,はれてこよいは",0
You'll Never Get Rich,"踊る結婚式,おどるけっこんしき",0
You've Got Mail,"ユー・ガット・メール,ゆー・がっと・めーる",0
Youghal,"ヨール,よーる",0
Youghal Bay,"ヨール湾,よーるわん",0
Youghiogheny,"ヨコゲニ川,よこげにかわ",0
young,"若い人たち,わかいにんたち_若者,わかもの_青年,せいねん_子ども,こども",1
Young,"ヤング,やんぐ",0
Young & Modern,"ヤング・アンド・モダン,やんぐ・あんど・もだん",0
Young & Modern Love Special,"ヤング・アンド・モダン・ラブ・スペシャル,やんぐ・あんど・もだん・らぶ・すぺしゃる",0
Young Again,"ヤング・アゲイン,やんぐ・あげいん",0
Young Americans,"プレイ・デッド,ぷれい・でっど",0
Young And Free,"燃えるパラダイス,もえるぱらだいす",0
Young And Innocent,"第3逃亡者,だいさんとうぼうしゃ",0
Young and Innocent,"第3逃亡者,だいさんとうぼうしゃ",0
Young Astronauts Club,"日本宇宙少年団,にっぽんうちゅうしょうねんだん",0
Young Blood,"栄光のエンブレム,えいこうのえんぶれむ",0
Young Commandos,"デルタフォース3,でるたふぉーすさん",0
Young Doctors In Love,"病院狂時代,びょういんきょうじだい",0
Young Einstein,"ヤング・アインシュタイン,やんぐ・あいんしゅたいん",0
Young Farmers and Women Division,"就農・女性課,しゅうのう・じょせいか",0
Young Frankenstein,"ヤング・フランケンシュタイン,やんぐ・ふらんけんしゅたいん",0
Young Generation Network-Japan,"原子力青年ネットワーク連絡会,げんしりょくせいねんねっとわーくれんらくかい",0
Young Giant,"おおにゅうどうこぞう,おおにゅうどうこぞう",0
Young Guns,"ヤング・ガン,やんぐ・がん",0
Young Guns 2,"ヤング・ガン2,やんぐ・がんに",0
Young Hardball League,"全日本少年硬式野球連盟,ぜんにほんしょうねんこうしきやきゅうれんめい_ヤングリーグ,やんぐりーぐ",0
Young Landlords,"ヤング・オーナーズ,やんぐ・おーなーず",0
Young Lion,"若き獅子たち,わかきししたち",0
Young Lions,"若き獅子たち,わかきししたち",0
Young Love Lemon Popsicle 7,"グローイング・アップ7／恋の卒業パーティ,ぐろーいんぐ・あっぷしち／こいのそつぎょうぱーてぃ",0
Young Man with a Horn,"情熱の狂想曲,じょうねつのきょうそうきょく",0
Young Men's Christian Association,"キリスト教青年会,きりすときょうせいねんかい",0
Young Men's Christian Association Kobe,"財団法人神戸キリスト教青年会,ざいだんほうじんこうべきりすときょうせいねんかい_神戸YMCA,こうべわいえむしーえー",0
Young Modern,"ヤング・モダン,やんぐ・もだん",0
Young Nuclear and Particle Physicist Group of Japan,"原子核素粒子若手三者,げんしかくそりゅうしわかてさんしゃ",0
Young People's Society of Christian Endeavor,"キリスト教少年共励会,きりすときょうしょうねんともれいかい",0
"Young Presidents Organization, Inc.","青年社長会,せいねんしゃちょうかい",0
Young Racers,"ヤングレーサー,やんぐれーさー",0
Young Sherlock Holms,"ヤング・シャーロック／ピラミッドの謎,やんぐ・しゃーろっく／ぴらみっどのなぞ",0
Young Socialist Alliance,"青年社会主義同盟,せいねんしゃかいしゅぎどうめい",0
Young Soul Rebels,"ヤング・ソウル・レベルズ,やんぐ・そうる・れべるず",0
Young Warriors,"重戦車総攻撃,じゅうせんしゃそうこうげき_ヤング・ウォリアーズ,やんぐ・うぉりあーず",0
Young Winston,"戦争と冒険,せんそうとぼうけん",0
Young Women's Christian Association,"キリスト教女子青年会,きりすときょうじょしせいねんかい",0
young'un,"子ども,こども",0
young-at-heart,"気持ちは若い人,きもちはわかいにん",0
young-old,"前期高齢者,ぜんきこうれいしゃ",0
youngberry,"ヤングベリー,やんぐべりー",0
younger,"年下の人,とししたのにん_若い方,わかいほう",0
youngest,"最年少者,さいねんしょうもの",0
youngling,"若者,わかもの",0
Youngs Lake,"ヤングズ湖,やんぐずみずうみ",0
youngster,"子ども,こども_若者,わかもの_若い馬,わかいうま_若駒,じゃくこま_2年生,にねんなま",0
Youngstown,"ヤングズタウン,やんぐずたうん",0
Your Money,"ユア・マネー,ゆあ・まねー",0
Your Ticket Is No Longer Valid,"スキャンダラス・ラブ,すきゃんだらす・らぶ",0
youth,"青年時代,せいねんじだい_青春時代,せいしゅんじだい_年が若いこと,ねんがわかいこと_若さ,もさ_若い人,わかいにん_若者,わかもの_若者たち,わかものたち_若い世代,わかいせだい",0
Youth,"青年時代,せいねんじだい",0
Youth Affairs Administration,"青少年対策本部,せいしょうねんたいさくほんぶ",0
Youth Bowl Japan,"社団法人ユースボウル・ジャパン,しゃだんほうじんゆーすぼうる・じゃぱん",0
Youth Division,"青少年課,せいしょうねんか",0
Youth Education Division,"青少年教育課,せいしょうねんきょういくか",0
Youth Ending Hunger,"ユース・エンディング・ハンガー,ゆーす・えんでぃんぐ・はんがー",0
Youth Hostels Association,"ユースホステル協会,ゆーすほすてるきょうかい",0
Youth Service Osaka,"ユースサービス大阪,ゆーすさーびすおおさか",0
youth-and-old-age,"ヒャクニチソウ,ひゃくにちそう_百日草,ひゃくにちくさ",0
youthcult,"若者文化,わかものぶんか",0
youthfulness,"若々しさ,わかわかしさ",0
youthification,"晩熟化,ばんじゅくか_幼稚化,ようちか_子ども化,こどもか",0
youthocracy,"社会的影響力を持つ若者集団,しゃかいてきえいきょうちからをもつわかものしゅうだん",0
youthquake,"ユースクエイク,ゆーすくえいく",0
YouTube,"ユーチューブ,ゆーちゅーぶ",0
YouTube Analytics,"ユーチューブアナリティクス,ゆーちゅーぶあなりてぃくす",0
YouTuber,"ユーチューブ利用者,ゆーちゅーぶりようしゃ",0
Youxi,"尤渓県,ゆうけいけん",0
Youyi,"友誼県,ゆうぎけん",0
Youyiguan,"ユーイーコワン,ゆーいーこわん",0
Youyu,"右玉県,みぎたまけん",0
Yovon,"イヴォン,いゔぉん",0
yowl,"悲痛な声,ひつうなこえ_遠ぼえ,えんぼえ",0
Yozgat,"ヨズガト,よずがと",0
Ypacarai,"イパカライ,いぱからい",0
yperite,"イペリット,いぺりっと",0
Yponomeutidae,"スガ科,すがか",0
Ypres,"イープル,いーぷる",0
Ypsilanti,"イプシランティ,いぷしらんてぃ",0
Yssingeaux,"イサンジョー,いさんじょー",0
Ystad,"イースタード,いーすたーど",0
ytterbia,"イッテルビア,いってるびあ",0
ytterbite,"イッテルバイト,いってるばいと",0
ytterbium,"イッテルビウム,いってるびうむ",0
yttria,"イットリア,いっとりあ",0
yttrialite,"イットリア石,いっとりあいし",0
yttrium,"イットリウム,いっとりうむ",0
yttrocerite,"イットロセライト,いっとろせらいと",0
yttrofluorite,"イットロ蛍石,いっとろほたるいし",0
yttrotantalite,"イットロタンタライト,いっとろたんたらいと_イットロタンタル石,いっとろたんたるいし",0
yuan,"ユアン,ゆあん_元,もと",0
Yuan,"院,いん",0
Yuanan,"遠安県,えんあんけん",0
Yuanlin,"員林,いんはやし_ユァンリン,ゆぁんりん",0
Yuanmou,"ユワンモウ,ゆわんもう",0
Yuanping,"原平市,はらたいらし",0
Yuanshan,"圓山,まるやま_ユアンシャン,ゆあんしゃん_まるやま,まるやま_円山,まるやま",0
"Yuasa Funashoku Co., Ltd.","ユアサ・フナショク株式会社,ゆあさ・ふなしょくかぶしきがいしゃ",0
"Yuasa Trading Co., Ltd.","ユアサ商事,ゆあさしょうじ",0
Yubari International Fantastic Adventure Film Festival Execution Committee,"ゆうばり国際冒険・ファンタスティック映画祭実行委員会,ゆうばりこくさいぼうけん・ふぁんたすてぃっくえいがさいじっこういいんかい",0
Yucatan,"ユカタン州,ゆかたんしゅう",0
Yucatan Channel,"ユカタン海峡,ゆかたんかいきょう",0
Yucatan Peninsula,"ユカタン半島,ゆかたんはんしま",0
Yucatec,"ユカテク族,ゆかてくぞく",0
yucca,"ユッカ,ゆっか",0
Yucca,"ユッカ属,ゆっかぞく",0
Yucca Mountain,"ユッカマウンテン,ゆっかまうんてん",0
Yuchi,"ユーチ族,ゆーちぞく_ユーチ語,ゆーちご",0
Yuci,"ユイツー,ゆいつー",0
yuck,"気持ち悪いもの,きもちわるいもの_すごくまずいもの,すごくまずいもの_大笑いさせる冗談,おおわらいさせるじょうだん",0
yucko,"嫌なもの,いやなもの",0
Yuechi,"岳池県,がくいけけん",0
Yuen Long,"ユアンロン,ゆあんろん",0
Yueyang,"岳陽,がくよう_ユエヤン,ゆえやん_がくよう,がくよう",0
yug,"ユーゴスラビア人,ゆーごすらびあにん",0
Yug,"ユグ川,ゆぐかわ",0
Yugan,"余干県,よかんけん",0
Yugawara Country Club,"社団法人湯河原カンツリー倶楽部,しゃだんほうじんゆがわらかんつりーくらぶ",0
Yugawaralite,"湯河原沸石,ゆがわらふっせき",0
Yugorsk,"ユーゴルスク,ゆーごるすく",0
Yugoslav,"ユーゴスラビア人,ゆーごすらびあにん",0
Yuhang,"余杭区,よくいく",0
Yuhuan,"玉環県,たまかんけん",0
Yujiang,"ユイチヤン,ゆいちやん",0
Yukagir,"ユカギール族,ゆかぎーるぞく",0
Yukawa Institute for Theoretical Physics,"基礎物理学研究所,きそぶつりがくけんきゅうしょ_基研,もとけん",0
"Yuken Kogyo Co., Ltd.","油研工業,ゆけんこうぎょう",0
Yukhnov,"ユーフノフ,ゆーふのふ",0
"Yuki Gosei Kogyo Co., Ltd.","有機合成薬品工業,ゆうきごうせいやくひんこうぎょう",0
yukkie,"酒癖の悪いヤッピー,さけくせのわるいやっぴー",0
Yukon,"ユーコン,ゆーこん",0
Yukon Jack,"ユーコン・ジャック,ゆーこん・じゃっく",0
yulan,"ハクモクレン,はくもくれん",0
Yuldybaevo,"ユルジバエボ,ゆるじばえぼ",0
yuletide,"クリスマス,くりすます",0
Yuli,"玉里,たまさと_ユーリー,ゆーりー_ギョンリー,ぎょんりー_たまさと,たまさと",0
Yulin,"ユイリン,ゆいりん",0
yum-yum,"おいしい食べ物,おいしいたべもの",0
Yuma,"ユマ,ゆま",0
Yuman,"ユマ語族,ゆまごぞく",0
Yumen,"玉門,たまもん_ユーメン,ゆーめん_ぎょくもん,ぎょくもん",0
Yumin,"裕民県,ひろしたみけん",0
yumminess,"おいしさ,おいしさ_甘美さ,かんびさ",0
yummo,"おいしい食べ物,おいしいたべもの",0
yummy,"おいしい食べ物,おいしいたべもの_おいしそうな女の子,おいしそうなおんなのこ_魅力的な女の子,みりょくてきなおんなのこ",0
Yun,"ユン族,ゆんぞく",0
Yunca,"ユンカ族,ゆんかぞく",0
Yuncheng,"ユンチョン,ゆんちょん",0
Yunesi,"ユーネスィー,ゆーねすぃー",0
Yunfu,"雲浮市,くもふし",0
Yunjinghong,"ユンチンホン,ゆんちんほん",0
Yunlin,"ユンリン,ゆんりん",0
Yunnan,"雲南,うんなん_ユンナン,ゆんなん",0
Yunnan province,"雲南省,うんなんしょう",0
Yunxiao,"雲霄県,くもしょうけん",0
Yunyang,"ユンヤン,ゆんやん",0
Yupik,"ユピック族,ゆぴっくぞく",0
yuppese,"ヤッピー言葉,やっぴーことば",0
yuppette,"女性のヤッピー,じょせいのやっぴー",0
yuppie,"ヤッピー,やっぴー_若い都会派プロフェッショナル,わかいとかいはぷろふぇっしょなる",0
yuppiedom,"ヤッピーであること,やっぴーであること",0
yuppy,"ヤッピー,やっぴー_若い都会派プロフェッショナル,わかいとかいはぷろふぇっしょなる",0
Yuquan Qu,"玉泉区,たまいずみく",0
Yur'evets,"ユーリエベツ,ゆーりえべつ",0
"Yuraku Real Estate Co., Ltd.","有楽土地,ゆうらくとち",0
Yurbarkas,"ユルバルカス,ゆるばるかす",0
Yurga,"ユルガ,ゆるが",0
yuri,"レズ作品,れずさくひん_百合,ゆり",0
Yurimaguas,"ユリマグアス,ゆりまぐあす",0
Yurmala,"ユールマラ,ゆーるまら",0
Yurok,"ユロック族,ゆろっくぞく",0
yurt,"ユルト,ゆると",0
Yurtec Corporation,"ユアテック,ゆあてっく",0
Yuruna,"ユルナ族,ゆるなぞく",0
Yuryev-Polsky,"ユーリエフ・ポリスキー,ゆーりえふ・ぽりすきー",0
Yuryuzan,"ユリュザニ,ゆりゅざに_ユリュザニ川,ゆりゅざにかわ",0
Yuscaran,"ユスカラン,ゆすからん",0
"Yusen Air & Sea Service Co., Ltd.","郵船航空サービス,ゆうせんこうくうさーびす",0
"Yusen Marine Science, Inc.","郵船海洋科学,ゆうせんかいようかがく",0
Yushan,"玉山,たまやま_ユイシャン,ゆいしゃん_ユーシャン,ゆーしゃん_ぎょくざん,ぎょくざん_新高山,しんこうざん",0
"Yushiro Chemical Industry Co., Ltd.","ユシロ化学工業,ゆしろかがくこうぎょう",0
yusho,"油症,あぶらしょう",0
Yutai,"魚台県,さかなだいけん",0
Yuty,"ユティー,ゆてぃー",0
yutz,"ばか者,ばかもの_愚か者,おろかもの_あほ,あほ_間抜け,まぬけ_能なし,のうなし",0
Yuumi Memorial Foundation for Home Health Care,"財団法人在宅医療助成勇美記念財団,ざいだんほうじんざいたくいりょうじょせいいさみびきねんざいだん",0
Yuxi,"ユイシー,ゆいしー",0
Yuxikou,"ユイシーコウ,ゆいしーこう",0
Yuyao,"余姚市,よようし",0
Yuzha,"ユージャ,ゆーじゃ",0
Yuzhno-Sakhalinsk,"ユジノサハリンスク,ゆじのさはりんすく",0
Yuzhno-Sukhokumsk,"ユジュノスホクムスク,ゆじゅのすほくむすく",0
Yuzhno-Uralsk,"ユジノウラリスク,ゆじのうらりすく",0
Yuzhnoural'skii,"ユジノウラリスキー,ゆじのうらりすきー",0
Yuzhou,"禹州,うしゅう_ユィヂョウ,ゆぃぢょう",0
Yvelines,"イブリーヌ,いぶりーぬ",0
Yverdon,"イベルドン,いべるどん",0
Yvetot,"イブト,いぶと",0
