meanings,word,score
"訳の分からない言葉,わけのわからないことば",abracadabra,0
"ワシタカ目,わしたかめ",Accipitres,0
"ワシタカ科,わしたかか",Accipitridae,0
"和解,わかい",accommodation,5
"和音,わおん",accord,0
"別れ,わかれ",adieu,0
"若者文化を楽しみ続けている中年,わかものぶんかをたのしみつづけているちゅうねん",adultescent,0
"私室,わたししつ",adytum,0
"私事,わたくしごと",affair,0
"ワジュフ,わじゅふ",Al-Wajh,0
"ワニ皮,わにかわ",alligator,0
"割り当て,わりあて",allocation,0
"割り当てられた,わりあてられた",allocation,0
"割り付けルーチン,わりつけるーちん",allocator,0
"割り当てを受ける人,わりあてをうけるにん",allotee,0
"割り当て,わりあて",allotment,0
"分け前,わけまえ",allotment,0
"割り当てを受ける人,わりあてをうけるにん",allottee,0
"割り当てを行う人,わりあてをおこなうにん",allotter,0
"割当量,わりあてりょう",allowance,0
"割引,わりびき",allowance,0
"湾曲消息子,わんきょくしょうそくこ",ankylomele,0
"私たちがやったこと,わたしたちがやったこと",Annie Oakley's Girl,0
"輪の形成,わのけいせい",annulation,0
"輪,わ",annulet,0
"私の中のもうひとりの私,わたしのなかのもうひとりのわたし",Another Woman,0
"悪い見本,わるいみほん",antimodel,0
"輪,わ",anulus,0
"ワタアブラムシ,わたあぶらむし",aphis,0
"わびること,わびること",apology,0
"わび,わび",apology,0
"割り当て,わりあて",apportionment,0
"割り当て,わりあて",appropriation,0
"鷲座,わしざ",Aquila,0
"輪,わ",areola,0
"腕章,わんしょう",armband,0
"脇の下,わきのした",armpit,0
"和議,わぎ",arrangement,0
"和解,わかい",arrangement,0
"技,わざ",art,0
"わざとらしさ,わざとらしさ",artificiality,0
"割り当て,わりあて",assignation,0
"割り当て,わりあて",assignment,4
"割当制度,わりあてせいど",assignment,4
"割り当てる人,わりあてるにん",assignor,0
"和歌文学会,わかぶんがくかい",Association of WAKA Poetry Studies,0
"和解,わかい",atonement,0
"ワンマン,わんまん",autocrat,0
"わが心のボルチモア,わがこころのぼるちもあ",Avalon,0
"脇の下,わきのした",axilla,0
"腋羽,わきはね",axillar,0
"湾曲,わんきょく",axioversion,0
"若者,わかもの",bachcha,0
"若い独身女性,わかいどくしんじょせい",bachelorette,0
"賄賂,わいろ",backhander,0
"脇道,わきみち",backroad,0
"悪い,わるい",bad,1
"悪い奴ほどよく眠る,わるいやつほどよくねむる",Bad Sleep Well,0
"悪者,わるもの",baddie,0
"悪者,わるもの",badman,0
"悪いこと,わるいこと",badness,0
"災い,わざわい",bale,0
"ワーラーナシー,わーらーなしー",Banaras,0
"若い娘,わかいむすめ",bantam,0
"割安株狙いの投資家,わりやすかぶねらいのとうしか",bargain-hunter,0
"猥談,わいだん",bawdry,0
"猥本,わいほん",bawdry,0
"猥談,わいだん",bawdy,0
"猥本,わいほん",bawdy,0
"わめき声,わめきこえ",bawl,0
"湾,わん",bay,0
"湾岸地帯,わんがんちたい",Bay Area,0
"湾沿岸ケーブル広告協同組合,わんえんがんけーぶるこうこくきょうどうくみあい",Bay Area Cable Advertising Cooperative,0
"湾口,わんくち",baymouth,0
"ワンルーム・アパートの多い地区,わんるーむ・あぱーとのおおいちく",bed-sitter-land,0
"悪いことしましョ！,わるいことしましょ！",Bedazzled,0
"腕力,わんりょく",beef,0
"ワーラーナシー,わーらーなしー",Benares,0
"ワイン,わいん",berry,0
"我等の生涯の最良の年,われらのしょうがいのさいりょうのねん",Best Years of Our Lives,0
"湾曲部,わんきょくぶ",bight,0
"湾曲部,わんきょくぶ",bilge,0
"割り勘,わりかん",bill-splitting,0
"わな,わな",birdlime,0
"わずか,わずか",bit,4
"分け前,わけまえ",bite,0
"ワイルド・ブラック／少年の黒い馬,わいるど・ぶらっく／しょうねんのくろいうま",Black Stallion,0
"割腔液,わりこうえき",blastochyle,0
"割球,わりたま",blastomere,0
"割球分離,わりたまぶんり",blastotomy,0
"わびしさ,わびしさ",bleakness,0
"わずかな間,わずかなかん",blink,0
"わずかなもの,わずかなもの",bob,0
"ワイン倉庫,わいんそうこ",bodega,0
"沸きこぼれ,わきこぼれ",boil-off,0
"ワタアカミムシガの幼虫,わたあかみむしがのようちゅう",bollworm,0
"ワッ,わっ",boo,0
"ワーワー,わーわー",boo-hoo,0
"ワーワー,わーわー",boo-hoo-hoo,0
"賄賂,わいろ",boodle,0
"わが青春わが読書,わがせいしゅんわがどくしょ",Books in my Life,0
"渡り職人,わたりしょくにん",boomer,0
"若いアカシカの未発達の枝角,わかいあかしかのみはったつのえだかく",bosset,0
"煩わしさ,わずらわしさ",botheration,0
"椀,わん",bowl,0
"ワン,わん",bowwow,0
"わめき,わめき",bowwow,0
"若者,わかもの",boy-chick,0
"ワラビ,わらび",bracken,0
"ワラビの茂み,わらびのしげみ",bracken,0
"ワラビ,わらび",brake,0
"腕章,わんしょう",brassard,0
"若くして名声を得た,わかくしてめいせいをえた",brat-pack,0
"腕力,わんりょく",brawn,0
"割れ目,われめ",breach,6
"割れ目,われめ",break,4
"割れ物,われもの",breakable,0
"割れ,われ",breaking,0
"わずかな間,わずかなかん",breathing,0
"賄賂,わいろ",bribe,0
"賄賂を受け取る人,わいろをうけとるにん",bribe-taker,0
"賄賂を贈る人,わいろをおくるにん",briber,0
"賄賂の授受,わいろのじゅじゅ",bribery,0
"ワンクッション取り,わんくっしょんとり",bricole,0
"惑星間協会,わくせいかんきょうかい",British Interplanetary Society,0
"若鶏,わかどり",broiler,0
"若葉,わかば",browse,0
"わずかな,わずかな",bubble,0
"ワシミミズク属,わしみみずくぞく",Bubo,0
"若者,わかもの",bucko,0
"割当量,わりあてりょう",budget,6
"若者,わかもの",bugger,0
"若い雄牛,わかいおうし",bullock,0
"分け前,わけまえ",bunce,0
"輪姦,わかん",bunch-punch,0
"賄賂,わいろ",bung,0
"ワインレッド,わいんれっど",burgundy,0
"ワレモコウ,われもこう",burnet,0
"ワゴン,わごん",bus,1
"割込み屋,わりこみや",buttinski,0
"割込み屋,わりこみや",buttinsky,0
"割安の買物,わりやすのかいもの",buy,1
"ワイワイ,わいわい",buzz-buzz,0
"脇道,わきみち",by-lane,0
"脇道,わきみち",by-path,0
"脇演技,わきえんぎ",by-play,0
"わき筋,わきすじ",by-plot,0
"脇道,わきみち",by-road,0
"ワキ,わき",bystander,0
"脇道,わきみち",bywalk,0
"脇道,わきみち",byway,0
"私室,わたししつ",cabinet,0
"笑い声,わらいこえ",cackle,0
"若い女性公務員,わかいじょせいこうむいん",cadette,0
"和平交渉の呼び掛け,わへいこうしょうのよびかけ",call for peace talks,0
"悪口,わるくち",calumny,0
"私室,わたししつ",camera,1
"割り材,わりざい",cant,0
"ワレカラ科,われからか",Caprellidae,0
"ワレカラ亜目,われからあめ",Caprellidea,0
"我は海の子,われはうみのこ",Captains Courageous,0
"ワイン入れ,わいんいれ",carafe,0
"ワシントン・カーネギー協会,わしんとん・かーねぎーきょうかい",Carnegie Institution of Washington,0
"渡り者,わたりもの",carpetbagger,0
"分け合い,わけあい",carve-up,0
"枠,わく",case,0
"枠,わく",casing,6
"割当,わりあて",casting,0
"わな,わな",catch,2
"割れ,われ",catch,2
"ワインセラーの管理者,わいんせらーのかんりしゃ",cellarmaster,0
"ワルシェウィッチア・コッキネア,わるしぇうぃっちあ・こっきねあ",chaconia,0
"わら切断機,わらせつだんき",chaff-cutter,0
"私通,わたしとおり",chambering,0
"ワン・モア・タイム,わん・もあ・たいむ",Chances Are,0
"わびしさ,わびしさ",cheerlessness,0
"若い女性,わかいじょせい",chick,0
"若い女,わかいおんな",chickie,0
"割れ目,われめ",chink,0
"若い女友達,わかいおんなともだち",chiquita,0
"和音,わおん",chord,0
"輪乗り,わのり",circling,0
"わな網,わなあみ",clapnet,0
"鷲手,わして",clawhand,0
"割れ目,われめ",cleavage,0
"割れ目,われめ",cleft,0
"湾曲指,わんきょくゆび",clinodactyly,0
"若いおんどり,わかいおんどり",cockerel,0
"若者,わかもの",cockerel,0
"若造,わかぞう",cockerel,0
"若いタラ,わかいたら",codling,0
"我思うゆえに我あり,われおもうゆえにわれあり",cogito,0
"わびしさ,わびしさ",comfortlessness,0
"笑わせる物,わらわせるもの",comicality,0
"和合性,わごうせい",compatibility,0
"和解,わかい",composition,0
"和解,わかい",compromise,0
"わざとらしい比喩を使うこと,わざとらしいひゆをつかうこと",concettism,0
"和解,わかい",conciliation,0
"わざと不明瞭にした情報,わざとふめいりょうにしたじょうほう",confuscation,0
"別れの挨拶,わかれのあいさつ",conge,0
"わざとらしさ,わざとらしさ",contrivance,0
"ワインベースのカクテル,わいんべーすのかくてる",cooler,0
"猥語性愛,わいごせいあい",coprographia,0
"ワタスゲ,わたすげ",Cotton-sedge,0
"ワタオウサギ,わたおうさぎ",cottontail,0
"若い男とつき合おうとする年配女性,わかいおとことつきあおうとするねんぱいじょせい",cougar,0
"割引購入券,わりびきこうにゅうけん",coupon,0
"割引券を集めている人,わりびきけんをあつめているにん",couponer,0
"割れ目,われめ",crack,0
"若いスポーツ選手を狙うスカウト,わかいすぽーつせんしゅをねらうすかうと",cradle-robber,0
"若いスポーツ選手を狙うスカウト,わかいすぽーつせんしゅをねらうすかうと",cradle-snatcher,0
"割れ目,われめ",cranny,0
"割れ目,われめ",crevasse,0
"割れ目,われめ",crevice,0
"枠板,わくいた",cribbing,0
"枠組み,わくぐみ",cribbing,0
"枠工,わくこう",cribwork,0
"ワニ類,わにるい",crocodile,0
"ワニ革,わにかわ",crocodile,0
"ワニ目,わにめ",Crocodilia,0
"ワニ類,わにるい",crocodilian,0
"湾曲部,わんきょくぶ",crook,0
"渡ることができること,わたることができること",crossability,0
"渡り線,わたりせん",crossover,0
"ワイン入れ,わいんいれ",cruet,0
"わずか,わずか",crumb,0
"わめき声,わめきこえ",cry,0
"若くてかわいい女の子,わかくてかわいいおんなのこ",cuddle-bunny,0
"湾曲,わんきょく",curvatura,0
"湾曲,わんきょく",curvaturae,0
"湾曲,わんきょく",curvature,0
"湾曲症,わんきょくしょう",curvature,0
"湾曲部,わんきょくぶ",curve,6
"湾曲,わんきょく",curvedness,0
"悪口,わるくち",cuss,0
"分け前,わけまえ",cut,1
"割引率,わりびきりつ",cut rate,0
"割引価格,わりびきかかく",cut rate,0
"輪タク,わたく",cyclo,0
"わずか,わずか",dab,0
"わずかなもの,わずかなもの",damn,0
"分からないこと,わからないこと",dangle,0
"ワンダーアーム・ストーリー,わんだーあーむ・すとーりー",Dark Backward,0
"賄賂,わいろ",dash,0
"わが職業は死,わがしょくぎょうはし",Death of an Expert Witness,0
"悪口,わるくち",defamation,0
"若い女性,わかいじょせい",dell,0
"私室,わたししつ",den,0
"わんぱくデニス,わんぱくでにす",Dennis The Menace,0
"脇役,わきやく",deuteragonist,0
"割当仕事,わりあてしごと",dinki-di,0
"割当仕事,わりあてしごと",dinkum,0
"割当仕事,わりあてしごと",dinky-di,0
"我導く,われみちびく",dirigo,0
"惑星上,わくせいうえ",dirtside,0
"悪口の言い合い,わるくちのいいあい",disathon,0
"割引,わりびき",discount,4
"割引率,わりびきりつ",discount,4
"割引額,わりびきひたい",discount,4
"割引手形,わりびきてがた",discount note,0
"割引する人,わりびきするにん",discounter,0
"話法,わほう",discourse,0
"分け与え,わけあたえ",dispensation,0
"歪曲,わいきょく",distortion,0
"歪曲した説明,わいきょくしたせつめい",distortion,0
"ワシントン市工学建築学会委員会,わしんとんしこうがくけんちくがくかいいいんかい","District of Columbia Council of Engineering and Architectural Societies, Inc.",0
"わざと転倒してファウルを受けたように装う選手,わざとてんとうしてふぁうるをうけたようによそおうせんしゅ",diver,0
"脇へ反らせること,わきへそらせること",diversion,0
"分け前,わけまえ",dividend,0
"割出し機,わりだしき",divider,0
"割りコンパス,わりこんぱす",divider,0
"割り切れること,わりきれること",divisibility,0
"分けること,わけること",division,0
"分かれていること,わかれていること",division,0
"割り算,わりざん",division,0
"私たちが結婚した理由,わたしたちがけっこんしたりゆう",Does This Mean We're Married,0
"わんちゃん,わんちゃん",doggy,0
"若くてとても魅力的な女性,わかくてとてもみりょくてきなじょせい",doll,1
"分からないという人,わからないというにん",don't-know,0
"訳の分からない言葉,わけのわからないことば",double-talk,0
"訳の分からない話,わけのわからないはなし",doublespeak,0
"賄賂,わいろ",douceur,0
"悪口を言う人,わるくちをいうにん",downputter,0
"ワトソンくん,わとそんくん",Dr. Watson,0
"ワトソン博士,わとそんはかせ",Dr. Watson Diagnostic Tool,0
"わびしさ,わびしさ",dreariness,0
"ワンピース,わんぴーす",dress,1
"わずかな額,わずかなひたい",dribble,0
"笑劇,わらいげき",drollery,0
"賄賂,わいろ",dropsy,0
"賄賂,わいろ",drugola,0
"我輩はカモである,わがはいはかもである",Duck Soup,0
"若い女性の付き添い役,わかいじょせいのつきそいやく",duenna,0
"矮小動物,わいしょうどうぶつ",dwarf,0
"矮小形,わいしょうかたち",dwarf,0
"矮化,わいか",dwarfing,0
"矮性,わいせい",dwarfness,0
"ワシ,わし",eagle,0
"鷲は舞いおりた,わしはまいおりた",Eagle Has Landed,0
"ワシの安産石,わしのあんざんいし",eaglestone,0
"ワシの子,わしのこ",eaglet,0
"別れのこだま,わかれのこだま",Echoes of A Summer,0
"ワンルームマンション,わんるーむまんしょん",efficiency,6
"わがまま,わがまま",egotism,0
"ワク,わく",El Wak,0
"ワースタ,わーすた",El Wasta,0
"わずか,わずか",element,0
"湾,わん",embayment,0
"若かった日々,わかかったひび",End of Youth,0
"ワイン学者,わいんがくしゃ",enologist,0
"ワイン学,わいんがく",enology,0
"わな,わな",entrapment,0
"枠,わく",envelope,0
"悪口,わるくち",epithet,0
"ワタスゲ属,わたすげぞく",Eriophorum,0
"枠外配置,わくがいはいち",exbraciation,0
"湾曲,わんきょく",excurvation,0
"悪い,わるい",excuse,0
"わずか,わずか",exiguity,0
"和解,わかい",explanation,4
"分かりやすさ,わかりやすさ",explicitness,0
"ワシントン輸出入銀行,わしんとんゆしゅつにゅうぎんこう",Export-Import Bank of Washington,0
"ワクワクさせるもの,わくわくさせるもの",eye-popper,0
"猥本,わいほん",facetiae,0
"綰ねた索,わんねたさく",fake,0
"ワシタカ類,わしたかるい",Falconiformes,0
"罠に堕ちた天使,わなにおちたてんし",Fallen Angel,0
"歪曲,わいきょく",falsification,6
"笑劇,わらいげき",farce,0
"笑いぐさ,わらいぐさ",farce,0
"別れ,わかれ",farewell,0
"わずかなもの,わずかなもの",farthing,0
"ワイルド・スピード,わいるど・すぴーど",Fast and the Furious,0
"わずかなこと,わずかなこと",feather,0
"分かち合うこと,わかちあうこと",fellowship,0
"渡船料,わたりふねりょう",ferriage,0
"渡し賃,わたしちん",ferriage,0
"渡し船,わたしぶね",ferry,0
"渡し場,わたしば",ferry,0
"渡船業者,わたりふねぎょうしゃ",ferryman,0
"わずか,わずか",fewness,0
"わずかなもの,わずかなもの",fico,0
"分かったこと,わかったこと",finding,0
"ワンダとダイヤと優しい奴ら,わんだとだいやとやさしいやつら",Fish Called Wanda,0
"割れ目,われめ",fissure,7
"輪縁,わへり",flange,0
"脇腹,わきばら",flank,0
"脇腹肉,わきばらにく",flank,0
"脇,わき",flank,0
"割れ目,われめ",flaw,7
"わずかな痛み,わずかないたみ",fleabite,0
"わずかな量,わずかなりょう",fleck,0
"湾曲,わんきょく",flexuosity,0
"渡り,わたり",flight,0
"ワクワクするような体験,わくわくするようなたいけん",flip-out,0
"わざと転倒してファウルを受けたように装う選手,わざとてんとうしてふぁうるをうけたようによそおうせんしゅ",flopper,0
"渡り鳥の飛路,わたりどりのひみち",flyway,0
"わざと行動を遅らせる人,わざとこうどうをおくらせるにん",foot-dragger,0
"腕力,わんりょく",force,4
"わすれな草,わすれなくさ",forget-me-not,0
"忘れやすさ,わすれやすさ",forgetfulness,0
"忘れっぽいこと,わすれっぽいこと",forgetfulness,0
"忘れていること,わすれていること",forgetfulness,0
"忘れっぽさ,わすれっぽさ",forgettery,0
"わびしさ,わびしさ",forlornness,0
"私通,わたしとおり",fornication,0
"割合,わりあい",fraction,6
"割れ目,われめ",fracture,0
"割れ目,われめ",fracturing,0
"割裂,わりれつ",fracturing,0
"枠,わく",frame,0
"枠組み,わくぐみ",frame,0
"枠組み,わくぐみ",framework,6
"枠空け,わくあけ",framing,0
"わだち,わだち",furrow,0
"輪姦,わかん",gangbang,0
"渡り板,わたりいた",gangplank,0
"輪姦,わかん",gangshag,0
"輪姦,わかん",gangshay,0
"悪いやつ,わるいやつ",gangster,0
"割れ目,われめ",gap,0
"割れ目,われめ",gape,0
"歪曲,わいきょく",garble,0
"輪,わ",garth,0
"ワクワクすること,わくわくすること",gasser,0
"割り込む人,わりこむにん",gate-crasher,0
"ワニ,わに",gater,0
"ワニ,わに",gator,0
"笑い声恐怖症,わらいこえきょうふしょう",geliophobia,0
"わずかな可能性,わずかなかのうせい",ghost,0
"若い女性,わかいじょせい",gill,0
"わな,わな",gin,0
"若い女性,わかいじょせい",girl,0
"渡り音,わたりおと",glide,0
"わずかな兆し,わずかなきざし",glimmer,0
"わずかな兆候,わずかなちょうこう",glimmering,0
"訳の分からないもの,わけのわからないもの",God-knows-what,0
"我が道を往く,わがみちをゆく",Going My Way,0
"別れの言葉,わかれのことば",goodbye,1
"別れの顔,わかれのかお",Goodbye-Look,0
"湾曲したもの,わんきょくしたもの",gooseneck,0
"若者,わかもの",gossoon,0
"ワタ属,わたぞく",Gossypium,0
"若い女性に付き添う女性,わかいじょせいにつきそうじょせい",gouvernante,0
"わが街,わがまち",Grand Canyon,0
"ワイン,わいん",grape,0
"ワイン,わいん",grappo,0
"賄賂,わいろ",grease,0
"わだち,わだち",groove,0
"ワインの等級,わいんのとうきゅう",growth,0
"わだかまり,わだかまり",grudge,0
"湾,わん",gulf,6
"湾岸アラブ諸国,わんがんあらぶしょこく",Gulf Arabs,0
"湾岸協力会議,わんがんきょうりょくかいぎ",Gulf Cooperation Council,0
"湾岸石油,わんがんせきゆ",Gulf Oil Corporation,0
"わずか,わずか",hair,1
"笑いと涙が入り交じること,わらいとなみだがいりまじること",half-laugh and half-cry,0
"わずかな量,わずかなりょう",halfpence,0
"分からず屋,わからずや",hardhead,0
"笑い,わらい",hardy-har,0
"和声学,わせいがく",harmonics,0
"和声学者,わせいがくもの",harmonist,0
"和合,わごう",harmonization,0
"和音の組み合わせ,わおんのくみあわせ",harmony,0
"和声学,わせいがく",harmony,0
"賄賂,わいろ",hat,1
"私の愛したゴースト,わたしのいとしたごーすと",Heart Condition,0
"わずかな時間,わずかなじかん",heartbeat,4
"若い女,わかいおんな",heavy cream,0
"訳の分からない言葉,わけのわからないことば",Hebrew,0
"ワッハッハ,わっはっは",heehaw,0
"若い雌牛,わかいめうし",heifer,0
"和静県,わせいけん",Hejing,0
"若いサーファー達,わかいさーふぁーとおる",helgies,0
"悪いまじない師,わるいまじないし",hexer,0
"鷲頭スフィンクス,わしあたますふぃんくす",hieracosphinx,0
"訳の分からない文字,わけのわからないもじ",hieroglyphic,0
"若者文化,わかものぶんか",hip-hop,0
"わきが,わきが",hircismus,0
"腋毛,わきげ",hircus,0
"ワイルド・ハイスクール,わいるど・はいすくーる",Hog Wild,0
"わざとらしさ,わざとらしさ",hokeyness,0
"わざとらしさ,わざとらしさ",hokiness,0
"わめくこと,わめくこと",holler,0
"若い雄のオットセイ,わかいおすのおっとせい",holluschick,0
"我が家,わがや",home,1
"ワイルド・スモーカーズ,わいるど・すもーかーず",Homegrown,0
"悪いうわさの絶えない女,わるいうわさのたえないおんな",hoodrat,0
"わな,わな",hook,6
"わし鼻,わしはな",hooknose,0
"輪,わ",hoop,0
"ワサビダイコン,わさびだいこん",horseradish,0
"わが谷は緑なりき,わがたにはみどりなりき",How Green Was My Valley,0
"わめく人,わめくにん",howler,0
"ワチョ,わちょ",Huacho,0
"淮北,わいきた",Huaibei,0
"わいほく,わいほく",Huaibei,0
"淮南,わいみなみ",Huainan,0
"わいなん,わいなん",Huainan,0
"淮陰,わいいん",Huaiyin,0
"わいいん,わいいん",Huaiyin,0
"ワラパイ族,わらぱいぞく",Hualapai,0
"ワラパイ語,わらぱいご",Hualapai,0
"ワヤガ川,わやがかわ",Huallaga,0
"ワマチュコ,わまちゅこ",Huamachuco,0
"ワンカベリカ,わんかべりか",Huancavelica,0
"ワンカヨ,わんかよ",Huancayo,0
"ワンチャカ,わんちゃか",Huanchaca,0
"ワヌコ,わぬこ",Huanuco,0
"ワヌニ,わぬに",Huanuni,0
"ワラル,わらる",Huaral,0
"ワラス,わらす",Huaras,0
"ワラス,わらす",Huaraz,0
"ワリ,わり",Huari,0
"ワリ族,わりぞく",Huari,0
"ワスカラン山,わすからんやま",Huascaran,0
"ワスコ,わすこ",Huasco,0
"ワステカ族,わすてかぞく",Huastec,0
"ワベ族,わべぞく",Huave,0
"割,わり",hundred,0
"矮小体,わいしょうからだ",hypermicrosoma,0
"矮小体形,わいしょうたいけい",hypomorph,0
"私は告白する,わたしはこくはくする",I Confess,0
"私は女優志願,わたしはじょゆうしがん",I Ought To Be In Pictures,0
"私は死にたくない,わたしはしにたくない",I Want to Live!,0
"我が心の呼ぶ声,わがこころのよぶこえ",I Want You,0
"私は人魚の歌を聞いた,わたしはにんぎょのうたをきいた",I've Heard the Mermaids Singing,0
"わたしエトセトラ,わたしえとせとら","I, etcetera",0
"われはロボット,われはろぼっと","I, Robot",0
"ワタフキカイガラムシ属,わたふきかいがらむしぞく",Icerya,0
"わが心のジェニファー,わがこころのじぇにふぁー",If Ever I See You Again,0
"わいせつ,わいせつ",immorality,0
"わんぱく小僧,わんぱくこぞう",imp,0
"わんぱくさ,わんぱくさ",impishness,0
"和平実施部隊,わへいじっしぶたい",Implementation Force,0
"悪い時,わるいとき",In Evil Hour,0
"われらの時代に,われらのじだいに",In Our Time,0
"湾曲,わんきょく",incurvation,0
"湾曲,わんきょく",incurve,0
"話題,わだい",indaba,0
"わいせつ,わいせつ",indecency,0
"わいせつ,わいせつ",indelicacy,0
"湾入,わんにゅう",indentation,0
"割り切れないこと,わりきれないこと",indivisibility,0
"湾曲,わんきょく",inflection,0
"分けられないもの,わけられないもの",inseparable,0
"割り込み,わりこみ",int,0
"分かりやすさ,わかりやすさ",intelligibleness,0
"割り込み分類,わりこみぶんるい",intercalation,0
"割り込み,わりこみ",interrupt,0
"わかれ路,わかれみち",Intersection,0
"割れ目,われめ",interstice,0
"悪巧み,わるだくみ",intrigue,0
"和解できないこと,わかいできないこと",irreconcilability,0
"和解しようとしない人,わかいしようとしないにん",irreconcilable,0
"和解できないこと,わかいできないこと",irreconcilableness,0
"和解していない状況,わかいしていないじょうきょう",irreconcilement,0
"和解していない状況,わかいしていないじょうきょう",irreconciliation,0
"ワイト島,わいとしま",Isle of Wight,0
"割り当て,わりあて",issue,6
"わいせつな,わいせつな",ithyphallic,0
"渡りの労働者,わたりのろうどうしゃ",jackleg,0
"わき柱,わきはしら",jamb,0
"和製英語,わせいえいご",Japanglish,0
"訳の分からない言葉,わけのわからないことば",jargon,0
"若者,わかもの",jawan,0
"笑い物,わらいもの",jest,0
"若者,わかもの",jeunesse,0
"若い女性,わかいじょせい",jill,0
"湾曲部,わんきょくぶ",jog,0
"若手職員,わかてしょくいん",junior officer,0
"若い頃の作品,わかいごろのさくひん",juvenilia,0
"若々しさ,わかわかしさ",juvenility,0
"若い世代による政治,わかいせだいによるせいじ",juvenocracy,0
"割増条件,わりましじょうけん",kicker,0
"笑うべき人,わらうべきにん",kidology,0
"ワンパターンの言動,わんぱたーんのげんどう",knee-jerk,0
"ワライカワセミ,わらいかわせみ",kookaburra,0
"若者,わかもの",lad,0
"若いの,わかいの",laddie,0
"わんわん物語,わんわんものがたり",Lady and the Tramp,0
"笑いのもと,わらいのもと",laff,0
"ワカチプ湖,わかちぷみずうみ",Lake Wakatipu,0
"ワカティプ湖,わかてぃぷみずうみ",Lake Wakatipu,0
"ワシントン湖,わしんとんみずうみ",Lake Washington,0
"わいせつさ,わいせつさ",lasciviousness,0
"笑うこと,わらうこと",laugh,0
"笑い声,わらいこえ",laugh,0
"笑わせる,わらわせる",laugh,0
"笑いもの,わらいもの",laugh,0
"笑う人,わらうにん",laugher,0
"ワンサイドゲーム,わんさいどげーむ",laugher,0
"笑うこと,わらうこと",laughing,0
"笑い,わらい",laughing,0
"笑う警官／マシンガン・パニック,わらうけいかん／ましんがん・ぱにっく",Laughing Policeman,0
"笑い草,わらいくさ",laughingstock,0
"笑いもの,わらいもの",laughingstock,0
"笑うこと,わらうこと",laughter,0
"笑い,わらい",laughter,0
"笑い声,わらいこえ",laughter,0
"笑っている声,わらっているこえ",laughter,0
"笑い,わらい",Laughter,0
"割り付け,わりつけ",layout,0
"若葉,わかば",leaflet,0
"別れ,わかれ",leave,4
"別れ,わかれ",leave-taking,0
"わいせつな行為,わいせつなこうい",lechery,0
"忘れじの面影,わすれじのおもかげ",Letter From An Unknown Woman,0
"わいせつさ,わいせつさ",lewdness,0
"わいせつさ,わいせつさ",licentiousness,0
"わずか,わずか",lick,0
"わんぱく小僧,わんぱくこぞう",limb,0
"忘れ去られた状態,わすれさられたじょうたい",limbo,7
"輪止め,わとめ",linchpin,0
"輪,わ",link,0
"若いライオン,わかいらいおん",lioncel,0
"わずか,わずか",little,0
"わずかしかないこと,わずかしかないこと",little,0
"わずかの時間,わずかのじかん",little,0
"若草物語,わかくさものがたり",Little Women,0
"輪止め,わとめ",lock,0
"輪,わ",loop,0
"輪を作る人,わをつくるにん",looper,0
"輪,わ",loophole,0
"賄賂の品,わいろのひん",loot,7
"わけ前,わけまえ",lot,0
"ワイマルのロッテ,わいまるのろって",Lotte in Weimar,0
"わいせつさ,わいせつさ",lubriciousness,0
"わいせつ,わいせつ",lubricity,0
"分かりやすいこと,わかりやすいこと",lucidity,0
"笑い,わらい",lulz,0
"輪台県,わだいけん",Luntai,0
"ワックス,わっくす",luster,7
"割石,わりいし",macadam,0
"割り付け,わりつけ",makeup,0
"悪口,わるくち",malediction,0
"悪巧み,わるだくみ",malengin,0
"悪い栄養状態,わるいえいようじょうたい",malnutrition,6
"わが命つきるとも,わがいのちつきるとも",Man For All Seasons,0
"ワンパターン,わんぱたーん",mannerism,0
"わざとらしさ,わざとらしさ",mannerism,0
"弁および取付具工業製造業者規格協会,わきまおよびとりつけぐこうぎょうせいぞうぎょうしゃきかくきょうかい",Manufacturer's Standardization Society of the Valve and Fittings Industry,0
"ワタフキカイガラムシ科,わたふきかいがらむしか",Margarodidae,0
"ワイルド・ガン,わいるど・がん",Mean Guns,0
"和漢医薬学会,わかんいやくがっかい",Medical and Pharmaceutical Society for Wakan-Yaku,0
"若草の頃,わかくさのごろ",Meet Me In St. Louis,0
"我が闘争,わがとうそう",Mein Kampf,0
"煩わしい人物,わずらわしいじんぶつ",menace,0
"笑い声,わらいこえ",merriment,0
"わな,わな",mesh,0
"禍いの家の花嫁,わざわいのいえのはなよめ",Mesmerized,0
"矮小発育,わいしょうはついく",microgenesis,0
"矮人性愛,わいにんせいあい",microphilia,0
"矮小精巣,わいしょうせいす",microtestis,0
"渡り鳥,わたりどり",migrant,0
"渡り,わたり",migration,6
"渡りの群れ,わたりのむれ",migration,6
"若い女性,わかいじょせい",miniskirt,0
"わずかな時間,わずかなじかん",minute,1
"笑い,わらい",mirth,0
"悪さ,わるさ",mischief,0
"わんぱく小僧,わんぱくこぞう",mischief,0
"悪い特徴,わるいとくちょう",misfeature,0
"わずかの金,わずかのきん",mite,0
"悪者集団の一人,わるものしゅうだんのひとり",mobsman,0
"若い雌馬,わかいめすうま",mockie,0
"若い雌馬,わかいめすうま",mocky,0
"わずかの間,わずかのかん",moment,4
"賄賂,わいろ",mordida,0
"ワサビノキ科,わさびのきか",Moringaceae,0
"わが母なるアイルランド,わがははなるあいるらんど",Mother Ireland,0
"ワイオミング,わいおみんぐ",Mountain Men,0
"わな,わな",mousetrap,0
"ワシントン山,わしんとんやま",Mt. Washington,0
"若い男,わかいおとこ",muchacho,0
"悪口,わるくち",mud,0
"腕力,わんりょく",muscle,0
"私のアントニーア,わたしのあんとにーあ",My Antonia,0
"わが青春の輝き,わがせいしゅんのかがやき",My Brilliant Career,0
"私の一世紀,わたしのいっせいき",My Century,0
"わが王国は霊柩車,わがおうこくはれいきゅうしゃ",My Kingdom for a Hearse,0
"わが生涯,わがしょうがい",My Life,0
"私の不倶戴天の敵－－ウィラ・キャザーの人生と作品,わたしのふぐたいてんのてき－－うぃら・きゃざーのじんせいとさくひん",MY MORTAL ENEMY,0
"わが名はアラム,わがめいはあらむ",My Name Is Aram,0
"私の哲学の発展,わたしのてつがくのはってん",My Philosophical Development,0
"わが世界観,わがせかいかん",My View of the World,0
"ワスレナグサ,わすれなぐさ",myosotis,0
"ワセル川,わせるかわ",Nahr-Ouassel,0
"悪口,わるくち",name,1
"悪口を言う人,わるくちをいうにん",name-caller,0
"悪口,わるくち",name-calling,0
"矮小,わいしょう",nanism,0
"矮生低木,わいなまていぼく",nanophanerophyte,0
"話法,わほう",narration,0
"話術,わじゅつ",narrative,0
"ワクチン情報センター,わくちんじょうほうせんたー",National Vaccine Information Center,0
"わいせつさ,わいせつさ",naughtiness,0
"わな,わな",net,0
"若くして巨万の富を築いた人々,わかくしてきょまんのとみをきづいたひとびと",new-rich,0
"わずかな差,わずかなさ",nicety,0
"割れ目,われめ",niche,0
"笑いごとじゃない,わらいごとじゃない",No Laughing Matter,0
"我が青春に悔いなし,わがせいしゅんにくいなし",No Regrets for Our Youth,0
"ワンタイムパスワード,わんたいむぱすわーど",nonce,0
"輪なわ,わなわ",noose,0
"笑はぬでもなし,わらはぬでもなし",Not Without Laughter,0
"私の愛情の対象,わたしのあいじょうのたいしょう",Object of My Affection,0
"忘れること,わすれること",oblivescence,0
"忘れられていること,わすれられていること",oblivion,0
"忘れっぽいこと,わすれっぽいこと",obliviousness,0
"悪口,わるくち",obloquy,0
"わいせつ,わいせつ",obscenity,0
"分かりきったこと,わかりきったこと",obviosity,0
"ワイン愛好家,わいんあいこうか",oenophile,0
"ワイン愛好家,わいんあいこうか",oenophilist,0
"ワイン恐怖症,わいんきょうふしょう",oenophobia,0
"割引価格,わりびきかかく",offer,6
"分かれ出たもの,わかれでたもの",offshoot,0
"賄賂,わいろ",oil,0
"わかくやきなおされた小男,わかくやきなおされたしょうおとこ",Old Man Made Young Again,0
"鷲の翼に乗って,わしのつばさにのって",On Wings of Eagles,0
"ワンス・アラウンド,わんす・あらうんど",Once Around,0
"ワンス・アポン・ア・タイム・イン・アメリカ,わんす・あぽん・あ・たいむ・いん・あめりか",Once Upon A Time In America,0
"ワン・クレイジー・サマー,わん・くれいじー・さまー",One Crazy Summer,0
"ワン・カップ・オブ・コーヒー,わん・かっぷ・おぶ・こーひー",One Cup of Coffee,0
"ワン・デイ・イン・ニューヨーク,わん・でい・いん・にゅーよーく",One Day in the Afternoon of the World,0
"ワン・フロム・ザ・ハート,わん・ふろむ・ざ・はーと",One From The Heart,0
"ワン・モア・チャンス,わん・もあ・ちゃんす",One More Chance,0
"ワン・ナイト・スタンド,わん・ないと・すたんど",One Night Stand,0
"ワンナンバーサービス,わんなんばーさーびす","One Number Service, Inc.",0
"ワン・オン・ワン,わん・おん・わん",One On One,0
"ワンワールド・ワンピープル協会,わんわーるど・わんぴーぷるきょうかい",One World One People Association,0
"ワンバウンドのゴロ,わんばうんどのごろ",one-hopper,0
"ワンピースの服,わんぴーすのふく",one-piece,0
"ワンステップ,わんすてっぷ",one-step,0
"ワンツー,わんつー",one-two,0
"ワンジー,わんじー",onesie,0
"ワンジー,わんじー",onesy,0
"ワラジムシ亜目,わらじむしあめ",Oniscidea,0
"別れの街角,わかれのまちかど",Optimists,0
"輪筋,わすじ",orbicularis,0
"割引入場券,わりびきにゅうじょうけん",order,4
"ワガドゥグー,わがどぅぐー",Ouagadougou,0
"ワヒグヤ,わひぐや",Ouahigouya,0
"ワラタ,わらた",Oualata,0
"ワレーヌ,われーぬ",Ouallene,0
"ワンダジャレ,わんだじゃれ",Ouanda Djalle,0
"ワラーヌ砂漠,わらーぬさばく",Ouarane,0
"ワルグラ,わるぐら",Ouargla,0
"ワルスニス山地,わるすにすさんち",Ouarsenis,0
"わずか,わずか",ounce,0
"われらのゲーム,われらのげーむ",Our Game,0
"われらのギャング,われらのぎゃんぐ",Our Gang,0
"我らが共通の友,われらがきょうつうのとも",Our Mutual Friend,0
"わが町,わがまち",Our Town,0
"わがまま,わがまま",overindulgence,0
"腋の下,わきのした",oxter,0
"和平工作,わへいこうさく",pacification,0
"輪姦,わかん",pack-rape,0
"わら布団,わらふとん",paillasse,0
"Y字紋,わいじもん",pairle,0
"Y字形の十字,わいじけいのじゅうじ",pairle,0
"脇の下あて,わきのしたあて",palette,0
"わら布団,わらふとん",pallet,0
"脇下当て,わきしたあて",pallette,0
"わら布団,わらふとん",palliasse,0
"賄賂,わいろ",pap,0
"枠組み,わくぐみ",paradigm,0
"割合,わりあい",pars,0
"分け目,わけめ",part,3
"分かち合う人,わかちあうにん",partaker,0
"若い娘を怖がること,わかいむすめをこわがること",parthenophobia,0
"別れ,わかれ",parting,0
"悪い,わるい",pass,4
"渡し場,わたしば",passing,0
"ワッペン,わっぺん",patch,0
"賄賂,わいろ",payoff,0
"賄賂を送ること,わいろをおくること",payola,0
"賄賂,わいろ",payola,0
"豌豆,わんまめ",pea,0
"和平,わへい",peace,0
"和解のための贈り物,わかいのためのおくりもの",peace-offering,0
"和平推進者,わへいすいしんしゃ",peace-seeker,0
"和平監視者,わへいかんしもの",peacekeeper,0
"輪タク,わたく",pedicab,0
"悪口,わるくち",pejorative,0
"割合,わりあい",percent,0
"割合,わりあい",percentage,0
"分け前,わけまえ",percentage,0
"ワニナシ,わになし",persea,0
"ワニナシ属,わになしぞく",Persea,0
"わが人生,わがじんせい",Personal History,0
"悪口,わるくち",personality,3
"ワセリン,わせりん",petrolatum,0
"ワシントン哲学学会,わしんとんてつがくがっかい",Philosophical Society of Washington,0
"わけないこと,わけないこと",pie,2
"脇の下,わきのした",pit,0
"わずかな収入,わずかなしゅうにゅう",pittance,0
"脇あき,わきあき",placket,0
"脇あき,わきあき",placket hole,0
"割引パック,わりびきぱっく",plan,2
"惑星,わくせい",planet,4
"惑星ソサエティー,わくせいそさえてぃー",Planetary Society,0
"惑星学,わくせいがく",planetology,0
"惑星上,わくせいうえ",planetside,0
"わな,わな",plant,3
"悪い,わるい",plight,0
"渡し舟,わたしふね",pont,0
"沸き立ち,わきたち",popple,0
"わいせつ文書,わいせつぶんしょ",pornography,0
"割り当て,わりあて",portion,6
"分け前,わけまえ",portion,6
"若い芸術家の肖像,わかいげいじゅつかのしょうぞう",Portrait of the Artist as a Young Man,0
"ワタリガニ科,わたりがにか",Portunidae,0
"別れた後,わかれたのち",post-breakup,0
"沸かし器,わかしうつわ",pot,0
"わな,わな",pot,0
"若鶏,わかどり",poulet,0
"わせ,わせ",precocity,0
"割増金,わりましきん",premium,0
"わざとらしさ,わざとらしさ",pretense,6
"若い司祭,わかいしさい",priestling,0
"割増運賃,わりましうんちん",primage,0
"私掠船,わたしりゃくふね",privateer,0
"私掠船の船長,わたしりゃくふねのせんちょう",privateer,0
"私事本意,わたくしごとほんい",privatism,0
"私事本意の人,わたくしごとほんいのにん",privatist,0
"和解,わかい",propitiation,0
"割合,わりあい",proportion,0
"分け前,わけまえ",proportion,0
"賄賂,わいろ",protection,0
"わいせつさ,わいせつさ",prurience,0
"わいせつさ,わいせつさ",pruriency,0
"ワラビ属,わらびぞく",Pteridium,0
"若造,わかぞう",punk,0
"若者,わかもの",puppy,0
"ワン・クリックによる購入,わん・くりっくによるこうにゅう",purchase with one click,0
"我が町,わがまち",Pyramid,0
"分け前,わけまえ",quantum,0
"輪,わ",quoit,0
"輪投げ遊び,わなげあそび",quoit,0
"割り当て,わりあて",quota,6
"割合,わりあい",quotient,0
"割当量,わりあてりょう",quotient,0
"枠,わく",rack,0
"若草の祈り,わかくさのいのり",Railway Children,0
"分け前,わけまえ",rake-off,0
"わらぶきのあずま屋,わらぶきのあずまや",ramada,0
"わめく人,わめくにん",ranter,0
"わめき散らし,わめきちらし",ranting,0
"わんぱく小僧,わんぱくこぞう",rantipole,0
"和解,わかい",rapprochement,0
"早生種,わせたね",rareripe,0
"わんぱく小僧,わんぱくこぞう",rascal,0
"割合,わりあい",rate,0
"割合,わりあい",ratio,6
"割当量,わりあてりょう",ration,7
"わめき立てること,わめきたてること",rave,0
"ワタリガラス,わたりがらす",raven,0
"割り当て直すこと,わりあてなおすこと",reappropriation,0
"割り戻し,わりもどし",rebate,0
"和解,わかい",reconciliation,0
"若き勇者たち,わかきゆうしゃたち",Red Dawn,0
"割引,わりびき",reduction,4
"ワキアカツグミ,わきあかつぐみ",redwing,0
"若返り,わかがえり",rejuvenation,0
"若返り,わかがえり",rejuvenescence,0
"割れ目,われめ",rent,4
"割り当て,わりあて",repartition,0
"私を救けて／レスキュー・ミー！,わたしをきゅうけて／れすきゅー・みー！",Rescue Me,0
"湾曲部,わんきょくぶ",return,3
"わら紙,わらかみ",rice paper,0
"わらを積み上げた山,わらをつみあげたやま",rick,0
"割れ目,われめ",rift,7
"訳の分からない,わけのわからない",rigmarole,0
"輪,わ",ring,0
"輪投げ,わなげ",ringtoss,0
"輪癬,わせん",ringworm,0
"ワヤガ川,わやがかわ",Rio Huallaga,0
"割栗石,わりくりいし",riprap,0
"笑い性,わらいせい",risibility,0
"笑い癖,わらいくせ",risibility,0
"笑いの感覚,わらいのかんかく",risibility,0
"笑い,わらい",risibility,0
"笑筋,わらいすじ",risorius,0
"笑い,わらい",risus,0
"ワイ川,わいかわ",River Wye,0
"わめき声,わめきこえ",roar,0
"笑いの渦,わらいのうず",roar,0
"わんぱく小僧,わんぱくこぞう",rogue,0
"輪虫類,わむしるい",Rotatoria,0
"ワムシ,わむし",rotifer,0
"輪形動物門,わかたちどうぶつもん",Rotifera,0
"輪,わ",round,0
"惑星探査機,わくせいたんさき",rover,7
"わんぱく,わんぱく",rudeness,0
"わいせつ,わいせつ",rudeness,0
"ワンワン,わんわん",ruff-ruff,0
"わだち,わだち",rut,0
"ワンパターン,わんぱたーん",rut,0
"わいせつさ,わいせつさ",salaciousness,0
"わいせつ性,わいせつせい",salacity,0
"私室,わたししつ",sanctum,0
"割り当て時間,わりあてじかん",sand,0
"若木,わかぎ",sapling,0
"若者,わかもの",sapling,0
"若造,わかぞう",saucebox,0
"割引,わりびき",saving,6
"若者,わかもの",scally,0
"若いの,わかいの",scally,0
"わんぱく者,わんぱくもの",scamp,0
"わずか,わずか",scantling,0
"わいせつ文学,わいせつぶんがく",scatology,0
"悪巧み,わるだくみ",scheme,0
"賄賂,わいろ",schmear,0
"賄賂,わいろ",schmeer,0
"輪止め,わとめ",scotch,0
"若いタラ,わかいたら",scrod,0
"われらが英雄スクラッフィ,われらがえいゆうすくらっふぃ",Scruffy,0
"わずか,わずか",scruple,0
"わいせつ,わいせつ",sculduddery,0
"訳もなく嫌うこと,わけもなくきらうこと",scunner,0
"われらをめぐる海,われらをめぐるうみ",Sea Around Us,0
"割線,わりせん",secant,0
"わき返り,わきかえり",seethe,0
"割体,わりからだ",segmenter,0
"わがまま,わがまま",self-indulgence,0
"我が身に加えた危害,わがみにくわえたきがい",self-wrong,0
"わずかなもの,わずかなもの",semblance,0
"分ける,わける",separator,0
"ワゴン,わごん",server,0
"罠,わな",Set Up,0
"わずかなもの,わずかなもの",shade,3
"わずかの相違,わずかのそうい",shading,0
"割れ目,われめ",shake,0
"輪,わ",shank,0
"分かち合い,わかちあい",share,3
"分け前,わけまえ",share,3
"割り当て,わりあて",share,3
"分かち合い,わかちあい",sharing,0
"若者,わかもの",shaveling,0
"若者,わかもの",shawty,0
"私は別よ,わたしはべつよ",She Done Him Wrong,0
"分かつこと,わかつこと",shedding,0
"ワイシャツの袖,わいしゃつのそで",shirt-sleeve,0
"ワイシャツの胸,わいしゃつのむね",shirtfront,0
"ワイシャツの裾,わいしゃつのすそ",shirttail,0
"わずかの金,わずかのきん",shoestring,0
"わし鼻,わしはな",shonk,0
"渡り労働者,わたりろうどうしゃ",short-staker,0
"若者,わかもの",shorty,0
"脇へよけること,わきへよけること",shunt,0
"脇,わき",side,0
"脇見出し,わきみだし",sidehead,0
"脇道,わきみち",sideway,0
"湾曲,わんきょく",sinuosity,0
"若造,わかぞう",sirrah,0
"私に近い6人の他人,わたしにちかいろくにんのたにん",Six Degrees of Separation,0
"わずか,わずか",skerrick,0
"歪度,わいど",skewness,0
"わずか,わずか",skosh,0
"悪口,わるくち",slander,0
"悪口を言う人,わるくちをいうにん",slanderer,0
"わずかなこと,わずかなこと",slightness,0
"割れ目,われめ",slit,0
"割れ目太鼓,われめたいこ",slit-drum,0
"わずかな部分,わずかなぶぶん",sliver,0
"わがままさ,わがままさ",small-mindedness,0
"わずか,わずか",smattering,0
"悪口,わるくち",smear,0
"わいせつ本,わいせつほん",smut,0
"猥談,わいだん",smut,0
"分け前,わけまえ",snack,1
"輪なわ,わなわ",snare,0
"わな,わな",snare,0
"ワタボウシハチドリ,わたぼうしはちどり",snowcap,0
"ワニ神,わにかみ",Sobek,0
"惑星ソラリス,わくせいそらりす",SOLARIS,0
"ワイン鑑定人,わいんかんていにん",sommelier,0
"ワインの目利き人,わいんのめききにん",sommelier,0
"悪いやつ,わるいやつ",son of a gun,0
"若造,わかぞう",sonny,0
"ワイルド・ボーイ,わいるど・ぼーい",Sonny Boy,0
"賄賂,わいろ",sop,0
"若きウェルテルの悩み,わかきうぇるてるのなやみ",Sorrows of Young Werther,0
"悪口の言い合い,わるくちのいいあい",sounding,0
"忘れっぽい人,わすれっぽいにん",space cadet,0
"忘れん坊,わすれんぼう",space cadet,0
"忘られぬ死,わすられぬし",Sparkling Cyanide,0
"わずかな距離,わずかなきょり",spell,0
"若い鹿の枝分かれしていない真っすぐな一本の角,わかいしかのえだわかれしていないまことっすぐないっぽんのかく",spike,0
"渡る世間にツバペッペ！,わたるせけんにつばぺっぺ！",Spitting Image,0
"割ること,わること",split,0
"割材師,わりざいし",splitter,0
"輪止め,わとめ",spoke,0
"輪止め,わとめ",sprag,0
"若者,わかもの",sprig,0
"若造,わかぞう",sprig,0
"わな,わな",springe,0
"湧き水,わきみず",springwater,0
"わずか,わずか",sprinkle,0
"若者,わかもの",sprout,0
"わめき声,わめきこえ",squawk,0
"ワル,わる",stablelad,0
"若木,わかぎ",staddle,0
"わが惑星,わがわくせい",Stars in their Courses,0
"わずかしかないこと,わずかしかないこと",stinginess,0
"割り当てられた仕事,わりあてられたしごと",stint,0
"湧き起こること,わきおこること",stirring,0
"わずか,わずか",stitch,0
"若い食肉牛,わかいしょくにくうし",stocker,0
"ワニトカゲギス亜目,わにとかげぎすあめ",Stomiatoidei,0
"ワニトカゲギス科,わにとかげぎすか",Stomiidae,0
"ワニトカゲギス目,わにとかげぎすめ",Stomiiformes,0
"輪がね,わがね",strake,0
"わら,わら",straw,0
"わらの犬,わらのいぬ",Straw Dogs,0
"わらしべ長者,わらしべちょうじゃ",Straw Millionaire,0
"わらと炭とそら豆,わらとすみとそらまめ","Straw, the Coal, and the Bean",0
"災い,わざわい",streak,0
"ワンルーム・マンション,わんるーむ・まんしょん",studio,0
"わき筋,わきすじ",subplot,0
"わらのロープ,わらのろーぷ",sugan,0
"和,わ",sum,0
"脇役,わきやく",support,0
"わずかばかり,わずかばかり",suspicion,6
"渡り労働者,わたりろうどうしゃ",swaggie,0
"渡り労働者,わたりろうどうしゃ",swagman,0
"湾曲運動,わんきょくうんどう",sweep,6
"湾曲,わんきょく",sweep,6
"賄賂,わいろ",sweetener,0
"私を野球につれてって,わたしをやきゅうにつれてって",Take Me Out To The Ball Game,0
"悪いうわさをばらまく人,わるいうわさをばらまくにん",talebearer,0
"湾足の,わんあしの",taliped,0
"湾足,わんあし",talipes,0
"弯手,わんて",talipomanus,0
"話題,わだい",talk,1
"割り符,わりふ",tally,0
"割当仕事,わりあてしごと",taskwork,0
"わきまえ,わきまえ",taste,4
"ワインをきき酒するための銀製の小皿,わいんをききさけするためのぎんせいのしょうさら",tastevin,0
"悪口,わるくち",tattle,0
"悪口を言う人,わるくちをいうにん",tattle,0
"割れ目,われめ",tear,7
"わいせつ電話,わいせつでんわ",telephonicophilia,0
"ワイルド・テキサス,わいるど・てきさす",Texas Detour,0
"わら,わら",thatch,0
"わらぶき屋根,わらぶきやね",thatch,0
"わざとらしさ,わざとらしさ",theatrical,0
"話題,わだい",theme,0
"笑激の超ウルトラ・マイアミ・コップ,わらいげきのちょううるとら・まいあみ・こっぷ",Thieves And Robbers,0
"わずか,わずか",thought,3
"ワクワクする感じ,わくわくするかんじ",thrill,0
"ワクワクさせる,わくわくさせる",thriller,0
"割り込み,わりこみ",thrust-in,0
"ワリコミ,わりこみ",thrust-in,0
"割り込み,わりこみ",thrust-in move,0
"ワリコミ,わりこみ",thrust-in move,0
"ワインのたる出し,わいんのたるだし",tirage,0
"輪金,わきん",tire,0
"わずかなもの,わずかなもの",tithe,0
"私の中の他人,わたしのなかのたにん",To Market To Market,0
"話題,わだい",topic,0
"話題化,わだいか",topicalization,0
"歪曲,わいきょく",torture,0
"輪環体,わかんからだ",torus,0
"ワニギス亜目,わにぎすあめ",Trachinoidei,0
"わだち,わだち",track,0
"私のパパになって,わたしのぱぱになって",Trading Hearts,0
"Yの悲劇,わいのひげき",Tragedy of Y,0
"わきが,わきが",tragomaschalia,0
"わずかな気配,わずかなけはい",trait,0
"渡り労働者,わたりろうどうしゃ",transient,0
"わな,わな",trap,0
"わな道,わなみち",trapline,0
"わなを仕掛ける人,わなをしかけるにん",trapper,0
"わななき,わななき",tremor,0
"ワクワクすること,わくわくすること",tremor,0
"技,わざ",trick,0
"わずか,わずか",trifle,0
"輪止め,わとめ",trig,0
"ワン公,わんこう",tripe-hound,0
"わな線,わなせん",tripwire,0
"輪形動物,わかたちどうぶつ",trochelminth,0
"輪形動物門,わかたちどうぶつもん",Trochelminthes,0
"分かりきったこと,わかりきったこと",truism,0
"ワレル山,われるやま",Tulu Wallel,0
"わめき声,わめきこえ",tumult,0
"わんぱく坊主,わんぱくぼうず",turk,0
"わんぱく坊主,わんぱくぼうず",Turk,0
"脇道,わきみち",turnoff,0
"湾曲,わんきょく",twist,7
"ワンストライク・ツーボール,わんすとらいく・つーぼーる",two-one,0
"枠,わく",type,0
"ワウペス,わうぺす",Uaupes,0
"ワン・フルムーン,わん・ふるむーん",Un Nos Ola Leuad,0
"割り振り解除,わりふりかいじょ",unallocation,0
"ワーニャ叔父さん,わーにゃおじさん",Uncle Vanya,0
"ワシントン爆破大作戦,わしんとんばくはだいさくせん",Under Siege,0
"脇の下,わきのした",underarm,0
"脇役,わきやく",underpart,0
"わき筋,わきすじ",underplot,0
"分かりやすさ,わかりやすさ",understandability,0
"和解,わかい",understanding,0
"分かりにくさ,わかりにくさ",unintelligibility,0
"和集合,わしゅうごう",union,4
"話題にすべきでないこと,わだいにすべきでないこと",unmentionable,0
"わざとらしさ,わざとらしさ",unnaturalness,0
"忘れられない人,わすれられないにん",Untamed Heart,0
"わめき叫ぶ声,わめきさけぶこえ",uproar,7
"沸き上がり,わきあがり",upsurge,0
"湧き出ること,わきでること",upwelling,0
"わんぱく小僧,わんぱくこぞう",urchin,0
"沸かし器,わかしうつわ",urn,0
"私がウォシャウスキー,わたしがうぉしゃうすきー",V.I.Warshawski,0
"ワクワクすること,わくわくすること",va-va-voom,0
"ワクチン接種,わくちんせっしゅ",vaccination,0
"ワクチン,わくちん",vaccine,0
"ワクチン接種を受けた人,わくちんせっしゅをうけたにん",vaccinee,0
"ワクチン接種恐怖症,わくちんせっしゅきょうふしょう",vaccinophobia,0
"ワクチン療法,わくちんりょうほう",vaccinotherapy,0
"ワドダラ,わどだら",Vadodara,0
"別れること,わかれること",vale,0
"別れの言葉,わかれのことば",vale,0
"別れの言葉,わかれのことば",valedictory,0
"ワルハラ,わるはら",Valhalla,0
"ワルキューレ,わるきゅーれ",Valkyrie,0
"ワゴン車,わごんくるま",van,0
"ワン湖,わんみずうみ",Van Golu,0
"ワーラーナシー,わーらーなしー",Varanasi,0
"ワルダク州,わるだくしゅう",Vardak,0
"わずかに異なるもの,わずかにことなるもの",variant,0
"ワニス,わにす",varnish,0
"ワルシャワ在住者,わるしゃわざいじゅうしゃ",Varsovian,0
"ワセリン,わせりん",vaseline,0
"ワシリコフ,わしりこふ",Vasil'kov,0
"ワソニイロ川,わそにいろかわ",Vaso Nyiro,0
"ワソラン,わそらん",Vasolan,0
"ワーウ,わーう",vau,0
"ワーウ,わーう",vav,0
"賄賂で買収されやすいこと,わいろでばいしゅうされやすいこと",venality,0
"輪散花序,わさんかじょ",verticillaster,0
"わん,わん",vessel,0
"煩わしさ,わずらわしさ",vexatiousness,0
"湾,わん",vik,0
"悪口,わるくち",vilification,0
"ワイン,わいん",vin,0
"ワイン,わいん",vino,0
"ワインの特質,わいんのとくしつ",vinosity,0
"ワインが大好きなこと,わいんがだいすきなこと",vinosity,0
"ワイン,わいん",vintage,0
"ワイン醸造,わいんじょうぞう",vintage,0
"ワイン醸造従事者,わいんじょうぞうじゅうじしゃ",vintager,0
"ワイン醸造品質管理協定,わいんじょうぞうひんしつかんりきょうてい",Vinters Quality Alliance,0
"ワイン醸造業者,わいんじょうぞうぎょうしゃ",vintner,0
"ワイン醸造者品質同盟,わいんじょうぞうものひんしつどうめい",Vintners Quality Alliance,0
"ワイン,わいん",vinum,0
"渡り鳥,わたりどり",visitant,0
"渡り鳥,わたりどり",visitor,3
"わめき,わめき",vociferation,0
"割れ目,われめ",void,0
"割引券,わりびきけん",voucher,0
"ワール川,わーるかわ",Waal,0
"ワールワイク,わーるわいく",Waalwijk,0
"ワバナ,わばな",Wabana,0
"ワッホー,わっほー",Wachow,0
"ワッケンハット,わっけんはっと",Wackenhut,0
"ワッカー・アマダー法,わっかー・あまだーほう",Wacker,0
"ワコール,わこーる",Wacoal Corporation,0
"ワド・メダニ,わど・めだに",Wad Medani,0
"ワッドカッター,わっどかったー",wadcutter,0
"ワッデ海,わっでうみ",Wadden Zee,0
"ワディントン山,わでぃんとんやま",Waddington,0
"ワデライ,わでらい",Wadelai,0
"渉禽類,わたるきんるい",wader,0
"ワジ,わじ",wadi,0
"ワーディー・アッスィール,わーでぃー・あっすぃーる",Wadi Al Seer,0
"ワディハルファ,わでぃはるふぁ",Wadi Halfa,0
"ワジムサ,わじむさ",Wadi Musa,0
"ワディ・ザーカ川,わでぃ・ざーかかわ",Wadi Zerka,0
"ワディ・ザーカ川,わでぃ・ざーかかわ",Wadi Zerka River,0
"ワディア一族,わでぃあいちぞく",Wadias,0
"ワタリ,わたり",wading,0
"わたり,わたり",wading,0
"ワフド党,わふどとう",Wafd,0
"ワッフル,わっふる",waffle,0
"ワッグル,わっぐる",waggle,0
"ワグラー,わぐらー",waggler,0
"ワーグナー／偉大なる生涯,わーぐなー／いだいなるしょうがい",Wagner,0
"ワグナー崇拝者,わぐなーすうはいもの",Wagnerian,0
"ワゴン,わごん",wagon,0
"ワゴンによる輸送,わごんによるゆそう",wagonage,0
"ワゴネット,わごねっと",wagonette,0
"和牛,わぎゅう",wagyu,0
"和牛,わぎゅう",wagyu beef,0
"ワウワウ音,わうわうおと",wah-wah,0
"ワッハーブ派の信徒,わっはーぶはのしんと",wahabi,0
"ワッハーブ派,わっはーぶは",Wahabi,0
"ワッハーブ派,わっはーぶは",Wahhab,0
"ワッハーブ派,わっはーぶは",Wahhabi,0
"ワッハーブ派の教義,わっはーぶはのきょうぎ",Wahhabism,0
"ワッハーブ派,わっはーぶは",wahhaby,0
"ワヒアワ,わひあわ",Wahiawa,0
"ワーレルン,わーれるん",Wahlern,0
"ワフー,わふー",wahoo,0
"ワーペクーテ族,わーぺくーてぞく",Wahpekute,0
"ワハユ,わはゆ",wahyu,0
"ワイアルア,わいあるあ",Waialua,0
"ワイアナエ,わいあなえ",Waianae,0
"ワイアナエ山脈,わいあなえさんみゃく",Waianae Range,0
"ワイアプ川,わいあぷかわ",Waiapu,0
"ワイアウ川,わいあうかわ",Waiau,0
"ワイクリ族,わいくりぞく",Waicuri,0
"ワイトホーフェン,わいとほーふぇん",Waidhofen,0
"ワイゲウ島,わいげうしま",Waigeo,0
"ワイホー川,わいほーかわ",Waihou,0
"ワイカト川,わいかとかわ",Waikato River,0
"ワイカリー,わいかりー",Waikerie,0
"ワイキキ,わいきき",Waikiki,0
"ワイラキ族,わいらきぞく",Wailaki,0
"ワイルク,わいるく",Wailuku,0
"ワイマカリリ川,わいまかりりかわ",Waimakariri,0
"ワイマナロ,わいまなろ",Waimanalo,0
"ワインガンガ川,わいんがんがかわ",Wainganga,0
"ワインガプ,わいんがぷ",Waingapu,0
"ワイパフ,わいぱふ",Waipahu,0
"ワイラウ川,わいらうかわ",Wairau,0
"ワイロア川,わいろあかわ",Wairoa,0
"ワイタキ川,わいたきかわ",Waitaki,0
"ワイタンギ,わいたんぎ",Waitangi,0
"ワイタラ川,わいたらかわ",Waitara,0
"ワイワイ族,わいわいぞく",Waiwai,0
"ワイヤン,わいやん",Waiyang,0
"ワージブ,わーじぶ",wajib,0
"和歌,わか",waka,0
"ワカ,わか",waka,0
"わかもと製薬株式会社,わかもとせいやくかぶしきがいしゃ","Wakamoto Pharmaceutical Co., Ltd.",0
"和漢比較文学会,わかんひかくぶんがくかい",Wakan Comparative Literature Association Japan,0
"ワカティプ湖,わかてぃぷみずうみ",Wakatipu,0
"若山精密工業,わかやませいみつこうぎょう",Wakayama Precision Co.,0
"ワキ族,わきぞく",Wakhi,0
"ワキタ,わきた","Wakita & Co., Ltd.",0
"ワッカーストルーム,わっかーすとるーむ",Wakkerstroom,0
"ワコー電器,わこーでんき","Wako Electric Co., Ltd.",0
"和光証券,わこうしょうけん","Wako Securities Co., Ltd.",0
"和光堂,わこうどう","Wakodo Co., Ltd.",0
"ワラキア,わらきあ",Walachia,0
"ワルト,わると",Wald,0
"ワルド派,わるどは",Waldenses,0
"ワレン湖,われんみずうみ",Walen See,0
"ワラワラ,わらわら",Walla Walla,0
"ワラビーズ,わらびーず",Wallabies,0
"ワラビー,わらびー",wallaby,0
"ワラルー,わらるー",wallaroo,0
"ワラワラ族,わらわらぞく",Wallawalla,0
"ワルディウス型人工膝関節,わるでぃうすかたじんこうひざかんせつ",Walldius,0
"ワリー・エ・フトゥーナ諸島,わりー・え・ふとぅーなしょしま",Wallis and Futuna Islands,0
"ワリセレン,わりせれん",Wallisellen,0
"ワロン,わろん",Wallonia,0
"ワロニア,わろにあ",Wallonia,0
"ワロン人,わろんにん",Walloon,0
"ワロン地域,わろんちいき",Walloon Region,0
"ワロップス島,わろっぷすしま",Wallops,0
"ワラウア山脈,わらうあさんみゃく",Wallowa Mountains,0
"ワルタルド細胞遺残,わるたるどさいぼういざん",Walthard,0
"ワルツ,わるつ",waltz,0
"ワルツを踊る人,わるつをおどるにん",waltzer,0
"ワルツァー,わるつぁー",waltzer,0
"ワンバ,わんば",Wamba,0
"ワーミ川,わーみかわ",Wami,0
"ワンパノアグ族,わんぱのあぐぞく",Wampanoag,0
"ワンパノアグ語,わんぱのあぐご",Wampanoag,0
"ワンピ,わんぴ",wampee,0
"ワンピ,わんぴ",wampi,0
"ワナカ湖,わなかみずうみ",Wanaka,0
"ワンダラーズ,わんだらーず",Wanderers,0
"ワンデルー,わんでるー",wanderoo,0
"ワンドアン,わんどあん",Wandoan,0
"ワンドゥー,わんどぅー",wandoo,0
"ワンツベック,わんつべっく",Wandsbek,0
"ワング社,わんぐしゃ",Wang,0
"ワンガヌーイ,わんがぬーい",Wanganui,0
"ワンガラッタ,わんがらった",Wangaratta,0
"ワンガタ,わんがた",Wangata,0
"ワンパ,わんぱ",wangba,0
"ワンデュ・ポダン,わんでゅ・ぽだん",Wangdue Phodrang,0
"ワンガーオーゲ島,わんがーおーげしま",Wangerooge,0
"ワンチン,わんちん",Wangqing,0
"ワンチンユー,わんちんゆー",Wanjinyou,0
"ワンキー,わんきー",Wankie,0
"ワンシエン,わんしえん",Wanxian,0
"ワピシャナ族,わぴしゃなぞく",Wapisiana,0
"ワピチ,わぴち",wapiti,0
"ワパペロ湖,わぱぺろみずうみ",Wappapello Reservoir,0
"ワッピング,わっぴんぐ",Wapping,0
"ワピンジャー族,わぴんじゃーぞく",Wappinger,0
"ワッポー族,わっぽーぞく",Wappo,0
"ワップショット家の人びと,わっぷしょっといえのひとびと",Wapshot Chronicle,0
"ワップショット家の醜聞,わっぷしょっといえのしゅうぶん",Wapshot Scandal,0
"ワプシピニコン川,わぷしぴにこんかわ",Wapsipinicon,0
"ワクフ,わくふ",waqf,0
"ワランガル,わらんがる",Warangal,0
"ワラタ,わらた",waratah,0
"ワルダール,わるだーる",Wardar,0
"ワーデン,わーでん",Warden,0
"ワルダ,わるだ",Wardha,0
"ワードロービング,わーどろーびんぐ",wardrobing,0
"ワレカウリ諸島,われかうりしょしま",Warekauri,0
"ワーレン,わーれん",Waren,0
"ワーレンドルフ,わーれんどるふ",Warendorf,0
"ワルファリン,わるふぁりん",warfarin,0
"ワーロック,わーろっく",Warlock,0
"ワルムバート,わるむばーと",Warmbad,0
"ワルネミュンデ,わるねみゅんで",Warnemunde,0
"ワーナー・ブラザース・エンターテインメント社,わーなー・ぶらざーす・えんたーていんめんとしゃ",Warner Bros. Entertainment Inc.,0
"ワーナー・コミュニケーションズ,わーなー・こみゅにけーしょんず","Warner Communications, Inc.",0
"ワーナーミュージック・ジャパン,わーなーみゅーじっく・じゃぱん","Warner Music Japan, Inc.",0
"ワーナーパイオニア,わーなーぱいおにあ",Warner-Pioneer Corporation,0
"悪い例,わるいれい",warning,0
"ワルノー川,わるのーかわ",Warnow,0
"ワープ,わーぷ",warp,0
"ワープ,わーぷ",Warp,0
"ワラハイル,わらはいる",Warra Hailu,0
"ワラガル,わらがる",Warragul,0
"ワラント,わらんと",warrant,0
"ワラウ族,わらうぞく",Warrau,0
"ワラガル,わらがる",warrigal,0
"ワーナンブール,わーなんぶーる",Warrnambool,0
"ワルシャワ,わるしゃわ",Warsaw,0
"ワルシャワ条約機構,わるしゃわじょうやくきこう",Warsaw Treaty Organization,0
"ワルシャワ,わるしゃわ",Warszawa,0
"ワートバーグ,わーとばーぐ",Wartburg,0
"ワサッチ山脈,わさっちさんみゃく",Wasatch Range,0
"ワスバンク,わすばんく",Wasbank,0
"ワッシュバンク山,わっしゅばんくやま",Waschbank Peak,0
"早稲田実業学校,わせだじつぎょうがっこう",Waseda Jitsugyo Gakko,0
"ワッシャ,わっしゃ",washer,0
"ワシントン州,わしんとんしゅう",Washington,0
"ワシントン,わしんとん",Washington,0
"ワシントン市,わしんとんし",Washington,0
"ワシントンホテル,わしんとんほてる",Washington Hotel Corporation,0
"ワシントン国家記録センター,わしんとんこっかきろくせんたー",Washington National Records Center,0
"ワシントン新聞発行者協会,わしんとんしんぶんはっこうしゃきょうかい",Washington Newspaper Publishers Association,0
"ワシントンオペレーションリサーチ委員会,わしんとんおぺれーしょんりさーちいいんかい",Washington Operations Research Council,0
"ワシントンポスト,わしんとんぽすと",Washington Post Co.,0
"ワシントン技術者協会,わしんとんぎじゅつしゃきょうかい",Washington Society of Engineers,0
"ワシントン有害物連合,わしんとんゆうがいものれんごう",Washington Toxic Coalition,0
"ワシントンD.C.,わしんとんでぃ.しー.","Washington, D.C.",0
"ワシントン特別区,わしんとんとくべつく","Washington, D.C.",0
"ワシントン,わしんとん","Washington, D.C.",0
"ワシントン・コロンビア特別区,わしんとん・ころんびあとくべつく","Washington, District of Columbia",0
"ワシントンヤシ属,わしんとんやしぞく",Washingtonia,0
"ワシントン州人,わしんとんしゅうにん",Washingtonian,0
"ワシントン市民,わしんとんしみん",Washingtonian,0
"ワショ族,わしょぞく",Washo,0
"ワショー郡,わしょーぐん",Washoe County,0
"ワーシト,わーしと",Wasit,0
"ワスプ,わすぷ",Wasp,0
"ワスプの勢力範囲,わすぷのせいりょくはんい",Waspdom,0
"ワスプの特性,わすぷのとくせい",Waspdom,0
"ワスプ社会,わすぷしゃかい",Waspdom,0
"ワスプ集団,わすぷしゅうだん",Waspdom,0
"ワッセンベルク,わっせんべるく",Wassenberg,0
"ワッセルビリク,わっせるびりく",Wasserbillig,0
"ワタミ株式会社,わたみかぶしきがいしゃ","Watami Co., Ltd.",0
"わたつみ石,わたつみいし",watatsumiite,0
"ワッチ,わっち",watch,1
"ワーテルロー,わーてるろー",Waterloo,0
"ワーテルゾイ,わーてるぞい",waterzooi,0
"ワチール,わちーる",Watir,0
"ワトキンズグレン,わときんずぐれん",Watkins Glen,0
"ワットリング島,わっとりんぐしま",Watling,0
"ワトリング島,わとりんぐしま",Watling,0
"ワトリング通り,わとりんぐとうり",Watling Street,0
"ワトラス,わとらす",Watrous,0
"ワッツァ,わっつぁ",Watsa,0
"ワトソンレーク,わとそんれーく",Watson Lake,0
"ワトソン研究所,わとそんけんきゅうしょ",Watson Research Center,0
"ワット,わっと",watt,0
"ワット地区,わっとちく",Watt,0
"ワット,わっと",Watt,0
"ワット・アワー,わっと・あわー",watt-hour,0
"ワット時,わっととき",watt-hour,0
"ワット秒,わっとびょう",watt-second,0
"ワット数,わっとかず",wattage,0
"ワッテンシャイト,わってんしゃいと",Wattenscheid,0
"ワット計,わっとけい",wattmeter,0
"ワッツタックス,わっつたっくす",Wattstax,0
"ワットウィル,わっとうぃる",Wattwil,0
"ワウ,わう",Wau,0
"ワーウ,わーう",Wau,0
"ワウ・エル・ケビル,わう・える・けびる",Wau el Kebir,0
"ワーブル,わーぶる",Wavre,0
"ワーウ,わーう",waw,0
"ワーウ,わーう",Waw,0
"ワックス,わっくす",wax,0
"ワックスワーク2／失われた時空,わっくすわーくに／うしなわれたじくう",Wax Work 2,0
"ワックスをかける人,わっくすをかけるにん",waxer,0
"ワックスがけ,わっくすがけ",waxing,0
"わがまま,わがまま",waywardness,0
"技あり,わざあり",waza-ari,0
"ワジーラバード,わじーらばーど",Wazirabad,0
"ワジリスタン,わじりすたん",Waziristan,0
"ワズル,わずる",Wazzle,0
"私たちという言葉,わたしたちということば",we,1
"私たちは孤独ではない,わたしたちはこどくではない",We Are Not Alone,0
"ワンス・アンド・フォーエバー,わんす・あんど・ふぉーえばー",We Were Soldiers,0
"割り込み,わりこみ",wedge,7
"ワイデン,わいでん",Weiden,0
"ワイデンインデアオーバーファルツ,わいでんいんであおーばーふぁるつ",Weiden in der Oberpfalz,0
"ワイルハイム,わいるはいむ",Weilheim,0
"ワイマール,わいまーる",Weimar,0
"ワイマラナー,わいまらなー",Weimaraner,0
"ワイン,わいん",Wein,0
"ワインハイム,わいんはいむ",Weinheim,0
"ワイスマン説,わいすまんせつ",weismannism,0
"ワイスマン説,わいすまんせつ",Weismannism,0
"ワイセンブルク,わいせんぶるく",Weissenburg,0
"ワイセンフェルス,わいせんふぇるす",Weissenfels,0
"ワイスホルン山,わいすほるんやま",Weisshorn,0
"ワイスミース山,わいすみーすやま",Weissmies,0
"腕力,わんりょく",wellie,0
"腕力,わんりょく",welly,0
"分け合うこと,わけあうこと",whack,0
"分け前,わけまえ",whack,0
"ワットカム・カウンティー,わっとかむ・かうんてぃー",Whatcom County,0
"輪,わ",wheel,4
"若者,わかもの",whelp,0
"若造,わかぞう",whelp,0
"わたしが子どもだった頃,わたしがこどもだったごろ",When I was a Little Boy,0
"私たちが孤児だった頃,わたしたちがこじだったごろ",When We Were Orphans,0
"若造,わかぞう",whipper-snapper,0
"ワールプール社,わーるぷーるしゃ",Whirlpool Corporation,0
"わずか,わずか",whit,0
"笑激のボンゴボンゴ島！,わらいげきのぼんごぼんごしま！",Who Finds A Friend Find A Treasure,0
"ワーッ！という叫び声,わーっ！というさけびこえ",whoopee,0
"ワーッと叫ぶ人,わーっとさけぶにん",whooper,0
"ワイアラ,わいあら",Whyalla,0
"ワイ・ファイ,わい・ふぁい",Wi-Fi,0
"ワイファイ・アライアンス,わいふぁい・あらいあんす",Wi-Fi Alliance,0
"ワイアートン,わいあーとん",Wiarton,0
"ワイデン,わいでん",Widen,0
"ワイドアウト,わいどあうと",wideout,0
"ワイドスクリーン・レビュー,わいどすくりーん・れびゅー",Widescreen Review,0
"ワイフビーター,わいふびーたー",wife-beater,0
"ワイト島,わいとしま",Wight,0
"ワイン,わいん",wijn,0
"ワイルド・アット・ハート,わいるど・あっと・はーと",Wild At Heart,0
"ワイルド・ボーイズ,わいるど・ぼーいず",Wild Boys,0
"ワイルドバンチ,わいるどばんち",Wild Bunch,0
"ワイルド・ギース,わいるど・ぎーす",Wild Geese,0
"ワイルド・ギース 2,わいるど・ぎーす に",Wild Geese 2,0
"ワイルド・ライフ,わいるど・らいふ",Wild Life,0
"ワイルド・サイド,わいるど・さいど",Wild Side,0
"ワイルド・スタイル,わいるど・すたいる",Wild Style,0
"ワイルド・ワイルド・ウエスト,わいるど・わいるど・うえすと",Wild Wild West,0
"ワイルドクラフティングをする人,わいるどくらふてぃんぐをするにん",wild-crafter,0
"ワイルドクラフティング,わいるどくらふてぃんぐ",wild-crafting,0
"ワイルドキャッツ,わいるどきゃっつ",Wildcats,0
"ワイルドウッド,わいるどうっど",Wildwood,0
"わがままな子ども,わがままなこども",Willful Child,0
"わがまま,わがまま",willfulness,0
"ワイマックス,わいまっくす",WiMAX,0
"わん曲,わんきょく",wimple,0
"ワインドアップ,わいんどあっぷ",wind-up,0
"ワイン,わいん",wine,0
"ワイン,わいん",WINE,0
"ワイン・アンド・スピリッツ,わいん・あんど・すぴりっつ",Wine & Spirits,0
"ワイン・スペクテイター,わいん・すぺくていたー",Wine Spectator,0
"ワイン・ストリート,わいん・すとりーと",Wine Street,0
"ワイン醸造,わいんじょうぞう",wine-making,0
"ワインベリー,わいんべりー",wineberry,0
"ワインのボトル,わいんのぼとる",winebottle,0
"ワイン用大杯,わいんようだいはい",winebowl,0
"ワイングラス,わいんぐらす",wineglass,0
"ワイングラス1杯分,わいんぐらすいっぱいぶん",wineglassful,0
"ワイン醸造所,わいんじょうぞうしょ",winery,0
"ワインズバーグ,わいんずばーぐ","Winesburg, Ohio",0
"ワイン専門店,わいんせんもんてん",wineshop,0
"ワイン用皮袋,わいんようかわふくろ",wineskin,0
"ワイン業界特有の言葉,わいんぎょうかいとくゆうのことば",winespeak,0
"ワインテイスター,わいんていすたー",winetaster,0
"腋羽,わきはね",wingpit,0
"われらが不満の冬,われらがふまんのふゆ",Winter of Our Discontent,0
"ワイパー,わいぱー",wiper,0
"ワイヤ,わいや",wire,0
"ワイヤ協会,わいやきょうかい",Wire Association,0
"ワイヤブラシ,わいやぶらし",wire-brush,0
"ワイヤヘアー,わいやへあー",wire-hair,0
"ワイアード,わいあーど",Wired,0
"ワイヤード,わいやーど",Wired,0
"ワイヤフレーム,わいやふれーむ",wireframe,0
"ワイヤレス・フィディリティー,わいやれす・ふぃでぃりてぃー",Wireless Fidelity,0
"ワイヤーフォト,わいやーふぉと",Wirephoto,0
"ワークスワース,わーくすわーす",Wirksworth,0
"ワイト・アウト,わいと・あうと",Wite-out,0
"ワイヨット族,わいよっとぞく",Wiyot,0
"ワンダ・ブック－－少年・少女のために,わんだ・ぶっく－－しょうねん・しょうじょのために",Wonder Book for Girls and Boys,0
"ワンダー・ボーイズ,わんだー・ぼーいず",Wonder Boys,0
"ワンダーウーマン財団,わんだーうーまんざいだん",Wonder Woman Foundation,0
"ワンダーブラ,わんだーぶら",Wonderbra,0
"ワンタン,わんたん",wonton,0
"ワン,わん",woof,0
"ワード,わーど",word,0
"ワード,わーど",Word,0
"ワード・ア・シーク,わーど・あ・しーく",Word a Seek,0
"ワード・サークル・サーチ,わーど・さーくる・さーち",Word Circle Search,0
"ワードゲームズ,わーどげーむず",Word Games,0
"ワードサイン,わーどさいん",word-sign,0
"ワードブレイク,わーどぶれいく",wordbreak,0
"ワードブレーク,わーどぶれーく",wordbreak,0
"ワードル,わーどる",wordle,0
"ワードパーフェクト,わーどぱーふぇくと",WordPerfect,0
"ワードプレス,わーどぷれす",WordPress,0
"ワークファクター社,わーくふぁくたーしゃ",Work-Factor Company,0
"ワークイン,わーくいん",work-in,0
"ワークシェアリング,わーくしぇありんぐ",work-sharing,0
"ワーカホリック,わーかほりっく",workaholic,0
"ワークブック,わーくぶっく",workbook,0
"ワークフロー,わーくふろー",workflow,0
"ワーキング・ガール,わーきんぐ・がーる",Working Girl,0
"ワーキング・ガーイ,わーきんぐ・がーい",Working Trash,0
"ワーキントン,わーきんとん",Workington,0
"ワークピース,わーくぴーす",workpiece,0
"ワークシート,わーくしーと",worksheet,0
"ワークシフト,わーくしふと",workshifting,0
"ワークシフティング,わーくしふてぃんぐ",workshifting,0
"ワークショップ,わーくしょっぷ",workshop,4
"ワークソップ,わーくそっぷ",Worksop,0
"ワークステーション,わーくすてーしょん",workstation,0
"ワークストリーム,わーくすとりーむ",workstream,0
"ワークテーブル,わーくてーぶる",worktable,0
"惑星,わくせい",world,1
"ワールド・アパート,わーるど・あぱーと",World Apart,0
"ワールド・アーキテクチャー,わーるど・あーきてくちゃー",World Architecture,0
"ワールドクラス,わーるどくらす",world class,0
"ワールド,わーるど","World Co., Ltd.",0
"ワールド・フェデラリスト・アソシエーション,わーるど・ふぇでらりすと・あそしえーしょん",World Federalist Association,0
"ワールド・ゴールド・カウンシル,わーるど・ごーるど・かうんしる",World Gold Council,0
"ワールド・ジム,わーるど・じむ",World Gym,0
"ワイポ,わいぽ",World Intellectual Property Organization,0
"ワールド・オブ・マリタル・アーツ,わーるど・おぶ・まりたる・あーつ",World of Marital Arts,0
"ワールドウオッチ研究所,わーるどうおっちけんきゅうしょ",Worldwatch Institute,0
"ワーム,わーむ",worm,0
"ワームフィッシュ,わーむふぃっしゅ",wormfish,0
"ワームフライ,わーむふらい",wormfly,0
"ワームホール,わーむほーる",wormhole,0
"ワース,わーす",Worth,0
"ワース湖,わーすみずうみ",Worth,0
"ワージング,わーじんぐ",Worthing,0
"ワージントン,わーじんとん",Worthington,0
"ワウ,わう",wow,0
"ワウ！,わう！",WOW!,0
"輪,わ",wreath,0
"悪いやつ,わるいやつ",wrong'un,0
"悪さをする人,わるさをするにん",wrongdoer,0
"ワン,わん",wuff,0
"ワンク,わんく",wunk,0
"ワイアロング,わいあろんぐ",Wyalong,0
"ワイアンドット族,わいあんどっとぞく",Wyandot,0
"ワイアンドット,わいあんどっと",Wyandotte,0
"ワイアット・アープ,わいあっと・あーぷ",Wyatt Earp,0
"Y字形の,わいじけいの",wye,0
"Y字形の,わいじけいの",Wye,0
"ワイ,わい",Wye,0
"ワイ・リバー,わい・りばー",Wye River,0
"ワイルダーの手,わいるだーのて",Wylder's Hand,0
"ワイリーコート,わいりーこーと",wyliecoat,0
"ワイオミング州,わいおみんぐしゅう",Wyoming,0
"ワイオミングコンサルタント技術者・研究者協会,わいおみんぐこんさるたんとぎじゅつしゃ・けんきゅうしゃきょうかい",Wyoming Association of Consulting Engineers and Surveyors,0
"ワイオミング技術協会,わいおみんぐぎじゅつきょうかい",Wyoming Engineering Society,0
"ワイオミング山脈,わいおみんぐさんみゃく",Wyoming Range,0
"ワイア川,わいあかわ",Wyre,0
"ワイア森,わいあもり",Wyre Forest,0
"ワイバン,わいばん",wyvern,0
"ワニトカゲ科,わにとかげか",Xenosauridae,0
"Y軸,わいじく",y-axis,0
"Y字型の管,わいじけいのかん",Y-branch,0
"Yケーブル,わいけーぶる",Y-cable,0
"Y染色体,わいせんしょくたい",Y-chromosome,0
"Y結線,わいけっせん",Y-connection,0
"Y座標,わいざひょう",y-coordinate,0
"y切片,わいせっぺん",y-intercept,0
"Y字路,わいじろ",Y-intersection,0
"Y字路,わいじろ",Y-junction,0
"Y連鎖,わいれんさ",Y-linkage,0
"若い都会派プロフェッショナル,わかいとかいはぷろふぇっしょなる",Y-people,0
"若い都会派プロフェッショナル,わかいとかいはぷろふぇっしょなる",Y-person,0
"Y穿孔,わいせんこう",y-punch,0
"Y,わい",Yankee,0
"若者好みの服装,わかものこのみのふくそう",ye-ye,0
"若々しくて元気なお年寄り,わかわかしくてげんきなおとしより",yeepie,0
"わめき声,わめきこえ",yell-out,0
"ワカシ,わかし",yellowtail,0
"ワラサ,わらさ",yellowtail,0
"YKK株式会社,わいけいけいかぶしきがいしゃ",YKK Corporation,0
"YMスペシャル！！,わいえむすぺしゃる！！",YM Special!!,0
"y,わい",yocto,0
"若者,わかもの",yoof,0
"分らぬもんですよ,わからぬもんですよ",You Never Can Tell,0
"わがままエンジェル,わがままえんじぇる",You Ruined Life,0
"若い人たち,わかいにんたち",young,1
"若者,わかもの",young,1
"若き獅子たち,わかきししたち",Young Lion,0
"若き獅子たち,わかきししたち",Young Lions,0
"若い方,わかいほう",younger,0
"若者,わかもの",youngling,0
"若者,わかもの",youngster,0
"若い馬,わかいうま",youngster,0
"若い人,わかいにん",youth,0
"若者,わかもの",youth,0
"若者たち,わかものたち",youth,0
"若い世代,わかいせだい",youth,0
"若者文化,わかものぶんか",youthcult,0
"若々しさ,わかわかしさ",youthfulness,0
"若い都会派プロフェッショナル,わかいとかいはぷろふぇっしょなる",yuppie,0
"若い都会派プロフェッショナル,わかいとかいはぷろふぇっしょなる",yuppy,0
"わずかの金,わずかのきん",zac,0
"わずかの金,わずかのきん",zack,0
"わずかの金,わずかのきん",zak,0
"脇役の道化師,わきやくのどうけし",zany,0
